# ************************************************************
# Sequel Pro SQL dump
# Version 4096
#
# http://www.sequelpro.com/
# http://code.google.com/p/sequel-pro/
#
# Host: 127.0.0.1 (MySQL 5.6.17)
# Database: onetobe
# Generation Time: 2015-09-15 14:44:50 +0000
# ************************************************************


/*!40101 SET @OLD_CHARACTER_SET_CLIENT=@@CHARACTER_SET_CLIENT */;
/*!40101 SET @OLD_CHARACTER_SET_RESULTS=@@CHARACTER_SET_RESULTS */;
/*!40101 SET @OLD_COLLATION_CONNECTION=@@COLLATION_CONNECTION */;
/*!40101 SET NAMES utf8 */;
/*!40014 SET @OLD_FOREIGN_KEY_CHECKS=@@FOREIGN_KEY_CHECKS, FOREIGN_KEY_CHECKS=0 */;
/*!40101 SET @OLD_SQL_MODE=@@SQL_MODE, SQL_MODE='NO_AUTO_VALUE_ON_ZERO' */;
/*!40111 SET @OLD_SQL_NOTES=@@SQL_NOTES, SQL_NOTES=0 */;


# Dump of table bidang
# ------------------------------------------------------------

DROP TABLE IF EXISTS `bidang`;

CREATE TABLE `bidang` (
  `BID_ID` varchar(4) DEFAULT NULL,
  `BID_DESC` varchar(150) DEFAULT NULL,
  KEY `BID_ID_IDX` (`BID_ID`)
) ENGINE=InnoDB DEFAULT CHARSET=latin1;

LOCK TABLES `bidang` WRITE;
/*!40000 ALTER TABLE `bidang` DISABLE KEYS */;

INSERT INTO `bidang` (`BID_ID`, `BID_DESC`)
VALUES
	('B01','BAHASA'),
	('B02','EKONOMI/PERAKAUNAN/ PERNIAGAAN'),
	('B03','FARMASI'),
	('B04','KEJURUTERAAN'),
	('B05','KOMPUTER/ ICT'),
	('B06','PENDIDIKAN'),
	('B07','PENGAJIAN ISLAM'),
	('B08','PENGURUSAN'),
	('B09','PERGIGIAN'),
	('B10','SAINS'),
	('B11','SAINS GUNAAN'),
	('B12','SAINS KESIHATAN/ SAINS BERSEKUTU'),
	('B13','SAINS TULEN'),
	('B14','SASTERA'),
	('B15','SENI BINA'),
	('B16','TEKNOLOGI'),
	('B17','UNDANG-UNDANG');

/*!40000 ALTER TABLE `bidang` ENABLE KEYS */;
UNLOCK TABLES;


# Dump of table core_profile
# ------------------------------------------------------------

DROP TABLE IF EXISTS `core_profile`;

CREATE TABLE `core_profile` (
  `id` int(11) NOT NULL AUTO_INCREMENT,
  `fbname` varchar(100) NOT NULL,
  `fbid` varchar(100) NOT NULL,
  `tendency` longtext,
  `created` timestamp NOT NULL DEFAULT CURRENT_TIMESTAMP,
  PRIMARY KEY (`id`)
) ENGINE=InnoDB DEFAULT CHARSET=utf8;

LOCK TABLES `core_profile` WRITE;
/*!40000 ALTER TABLE `core_profile` DISABLE KEYS */;

INSERT INTO `core_profile` (`id`, `fbname`, `fbid`, `tendency`, `created`)
VALUES
	(1,'Muhammad Hafiz Hasan','10207998127134008','[{\"like_category\":\"Computers\\/Technology\",\"weight\":7},{\"like_category\":\"Musician\\/Band\",\"weight\":7},{\"like_category\":\"Community Organization\",\"weight\":6},{\"like_category\":\"Website\",\"weight\":5},{\"like_category\":\"Non-Profit Organization\",\"weight\":4},{\"like_category\":\"Local Business\",\"weight\":4},{\"like_category\":\"Clothing\",\"weight\":4},{\"like_category\":\"Software\",\"weight\":3},{\"like_category\":\"Media\\/News\\/Publishing\",\"weight\":3},{\"like_category\":\"Government Organization\",\"weight\":3},{\"like_category\":\"Company\",\"weight\":3},{\"like_category\":\"Food\\/Beverages\",\"weight\":3},{\"like_category\":\"Public Figure\",\"weight\":2},{\"like_category\":\"Retail and Consumer Merchandise\",\"weight\":2},{\"like_category\":\"University\",\"weight\":2},{\"like_category\":\"Restaurant\\/Cafe\",\"weight\":2},{\"like_category\":\"Arts\\/Entertainment\\/Nightlife\",\"weight\":2},{\"like_category\":\"Hotel\",\"weight\":2},{\"like_category\":\"Politician\",\"weight\":2},{\"like_category\":\"Education\",\"weight\":2},{\"like_category\":\"Baby Goods\\/Kids Goods\",\"weight\":2},{\"like_category\":\"Non-Governmental Organization (NGO)\",\"weight\":2},{\"like_category\":\"Games\\/Toys\",\"weight\":2},{\"like_category\":\"Book\",\"weight\":2},{\"like_category\":\"Organization\",\"weight\":2},{\"like_category\":\"Event Planning\\/Event Services\",\"weight\":1},{\"like_category\":\"Energy\\/Utility\",\"weight\":1},{\"like_category\":\"Publisher\",\"weight\":1},{\"like_category\":\"Small Business\",\"weight\":1},{\"like_category\":\"News\\/Media Website\",\"weight\":1},{\"like_category\":\"Sports Team\",\"weight\":1},{\"like_category\":\"School\",\"weight\":1},{\"like_category\":\"Political Party\",\"weight\":1},{\"like_category\":\"TV Show\",\"weight\":1},{\"like_category\":\"Tours\\/Sightseeing\",\"weight\":1},{\"like_category\":\"TV Channel\",\"weight\":1},{\"like_category\":\"Comedian\",\"weight\":1},{\"like_category\":\"Insurance Company\",\"weight\":1},{\"like_category\":\"Sports Event\",\"weight\":1},{\"like_category\":\"Business Services\",\"weight\":1},{\"like_category\":\"Consulting\\/Business Services\",\"weight\":1},{\"like_category\":\"Teacher\",\"weight\":1},{\"like_category\":\"Health\\/Beauty\",\"weight\":1},{\"like_category\":\"Internet\\/Software\",\"weight\":1},{\"like_category\":\"Museum\\/Art Gallery\",\"weight\":1},{\"like_category\":\"Jewelry\\/Watches\",\"weight\":1},{\"like_category\":\"Professional Services\",\"weight\":1},{\"like_category\":\"Athlete\",\"weight\":1},{\"like_category\":\"Food\\/Grocery\",\"weight\":1},{\"like_category\":\"Coach\",\"weight\":1},{\"like_category\":\"Camera\\/Photo\",\"weight\":1},{\"like_category\":\"Artist\",\"weight\":1}]','2015-09-09 19:20:18'),
	(2,'Azman Mohd Farok','10207917070433807','[{\"like_category\":\"App Page\",\"weight\":\"9\"},{\"like_category\":\"Community\",\"weight\":\"7\"},{\"like_category\":\"Education\",\"weight\":\"6\"},{\"like_category\":\"Shopping\\/Retail\",\"weight\":\"5\"},{\"like_category\":\"Product\\/Service\",\"weight\":\"4\"},{\"like_category\":\"Professional Services\",\"weight\":\"4\"},{\"like_category\":\"Computers\\/Technology\",\"weight\":\"4\"},{\"like_category\":\"Food\\/Grocery\",\"weight\":\"4\"},{\"like_category\":\"Phone\\/Tablet\",\"weight\":\"3\"},{\"like_category\":\"Coach\",\"weight\":\"3\"},{\"like_category\":\"Business Services\",\"weight\":\"3\"},{\"like_category\":\"Public Figure\",\"weight\":\"3\"},{\"like_category\":\"Health\\/Beauty\",\"weight\":\"3\"},{\"like_category\":\"Software\",\"weight\":\"2\"},{\"like_category\":\"Politician\",\"weight\":\"2\"},{\"like_category\":\"Organization\",\"weight\":\"2\"},{\"like_category\":\"Non-Profit Organization\",\"weight\":\"2\"},{\"like_category\":\"Company\",\"weight\":\"2\"},{\"like_category\":\"Education Website\",\"weight\":\"2\"},{\"like_category\":\"Computers\\/Internet Website\",\"weight\":\"2\"},{\"like_category\":\"Website\",\"weight\":\"2\"},{\"like_category\":\"Local Business\",\"weight\":\"2\"},{\"like_category\":\"Clothing\",\"weight\":\"2\"},{\"like_category\":\"Consulting\\/Business Services\",\"weight\":\"2\"},{\"like_category\":\"Musician\\/Band\",\"weight\":\"1\"},{\"like_category\":\"Travel\\/Leisure\",\"weight\":\"1\"},{\"like_category\":\"Business Person\",\"weight\":\"1\"},{\"like_category\":\"Teacher\",\"weight\":\"1\"},{\"like_category\":\"Interest\",\"weight\":\"1\"},{\"like_category\":\"Automobiles and Parts\",\"weight\":\"1\"},{\"like_category\":\"Small Business\",\"weight\":\"1\"},{\"like_category\":\"Food\\/Beverages\",\"weight\":\"1\"},{\"like_category\":\"School\",\"weight\":\"1\"},{\"like_category\":\"Kitchen\\/Cooking\",\"weight\":\"1\"},{\"like_category\":\"Internet\\/Software\",\"weight\":\"1\"},{\"like_category\":\"Profession\",\"weight\":\"1\"},{\"like_category\":\"Hotel\",\"weight\":\"1\"},{\"like_category\":\"Writer\",\"weight\":\"1\"},{\"like_category\":\"Entertainer\",\"weight\":\"1\"},{\"like_category\":\"Media\\/News\\/Publishing\",\"weight\":\"1\"},{\"like_category\":\"Automotive\",\"weight\":\"1\"},{\"like_category\":\"Government Organization\",\"weight\":\"1\"},{\"like_category\":\"Non-Governmental Organization (NGO)\",\"weight\":\"1\"},{\"like_category\":\"Baby Goods\\/Kids Goods\",\"weight\":\"1\"}]','2015-09-14 13:13:41');

/*!40000 ALTER TABLE `core_profile` ENABLE KEYS */;
UNLOCK TABLES;


# Dump of table core_universiti
# ------------------------------------------------------------

DROP TABLE IF EXISTS `core_universiti`;

CREATE TABLE `core_universiti` (
  `UNI_ID` varchar(4) DEFAULT NULL,
  `UNI_DESC` varchar(150) DEFAULT NULL,
  `UNI_ADDR` varchar(150) NOT NULL,
  `UNI_TEL` varchar(12) NOT NULL,
  `UNI_WEB` varchar(150) NOT NULL,
  `UNI_LAT` varchar(50) NOT NULL,
  `UNI_LONG` varchar(50) NOT NULL,
  KEY `UNI_ID_IDX` (`UNI_ID`)
) ENGINE=InnoDB DEFAULT CHARSET=latin1;

LOCK TABLES `core_universiti` WRITE;
/*!40000 ALTER TABLE `core_universiti` DISABLE KEYS */;

INSERT INTO `core_universiti` (`UNI_ID`, `UNI_DESC`, `UNI_ADDR`, `UNI_TEL`, `UNI_WEB`, `UNI_LAT`, `UNI_LONG`)
VALUES
	('A','UPSI','Tanjong Malim, Perak Darul Ridzuan 35900, 35900 Tanjong Malim, Perak','05-450 6000','http://www.upsi.edu.my/','33.83036','77.81421'),
	('C','UTEM','Hang Tuah Jaya, 76100 Durian Tunggal, Melaka','06-331 6768','http://www.utem.edu.my/portal/','42.05027','-95.70639'),
	('D','UNISZA','Gong Badak, Kuala Terengganu, Terengganu','09-668 8888','https://www.unisza.edu.my','5.39816','103.08314'),
	('E','UITM','40450 Shah Alam, Selangor','03-5544 2000','http://www.uitm.edu.my/','3.06962','101.50376'),
	('F','POLITEKNIK','Semambu,25350 Kuantan, Pahang','09-5655300','http://www.polisas.edu.my/','3.86154','103.31149'),
	('G','UMT','Kuala Terengganu, Terengganu','06-664 8100','http://www.umt.edu.my/','69.37059','-152.13696'),
	('H','UMS','Universiti Malaysia Sabah, Jalan UMS, 88400 Kota Kinabalu, Sabah, Malaysia.','088-320 000','http://www.ums.edu.my','6.03667','116.11861'),
	('J','UMP','Kuantan, Lebuhraya Tun Razak, 26300 Gambang, Pahang','09-549 2020','http://www.ump.edu.my/','3.72089','103.12489'),
	('K','UKM','Jalan Reko, 43600 Bangi, Selangor','03-8921 5555','http://www.ukm.edu.my/','2.92976','101.77915'),
	('L','UMK','Pengkalan Chepa, 16100 Kota Bharu, Kelantan','09-771 7000','http://www.umk.edu.my/','6.16416','102.28454'),
	('M','UM','Jalan Universiti, 50603 Kuala Lumpur, Wilayah Persekutuan Kuala Lumpur','03-7955 2595','http://www.um.edu.my/','3.12170','101.65304'),
	('P','UPM','43300 Serdang','03-8946 6000','http://www.upm.edu.my/','2.99169','101.71629'),
	('Q','USIM','Bandar Baru Nilai, 71800 NilaI, Negeri Sembilan','06-798 8000','http://www.usim.edu.my/','2.84420','101.78189'),
	('R','UNIMAP','02600 Arau, Perlis','04-979 8008','http://www.unimap.edu.my/','6.46217','100.16313'),
	('S','USM','11800 Gelugor, Penang','11800 Gelugo','http://www.usm.edu.my/','5.35593','100.30252'),
	('T','UTM','81310 Johor Bahru, Johor','07-553 3333','http://www.utm.edu.my/','1.55857','103.63816'),
	('U','UUM','Sintok, Universiti Utara Malaysia, Kedah','04-928 4000','http://www.uum.edu.my/','1.55857','103.63816'),
	('W','UNIMAS','Jln Meranti, 94300 Kota Samarahan, Sarawak','082 582479  ','http://www.unimas.edu.my/','1.46477','110.42896'),
	('Y','UIAM','Jalan Gombak, 53100 Kuala Lumpur, Selangor','036196 4000','http://www.iium.edu.my/','3.25154','101.73664'),
	('Z','UPNM','Jalan Raja, Kem Sungai Besi, Kuala Lumpur, Wilayah Persekutuan Kuala Lumpur','03-9051 3400','http://www.upnm.edu.my/','3.04955','101.72684'),
	('B','UTHM','86400 Batu Pahat, Johor','07-4537000','http://www.uthm.edu.my/v2/','1.85863','103.08558');

/*!40000 ALTER TABLE `core_universiti` ENABLE KEYS */;
UNLOCK TABLES;


# Dump of table edu_levels
# ------------------------------------------------------------

DROP TABLE IF EXISTS `edu_levels`;

CREATE TABLE `edu_levels` (
  `STATE` varchar(5) DEFAULT NULL,
  `DEGREE` varchar(10) DEFAULT NULL,
  `DIPLOMA` varchar(10) DEFAULT NULL
) ENGINE=InnoDB DEFAULT CHARSET=latin1;

LOCK TABLES `edu_levels` WRITE;
/*!40000 ALTER TABLE `edu_levels` DISABLE KEYS */;

INSERT INTO `edu_levels` (`STATE`, `DEGREE`, `DIPLOMA`)
VALUES
	('JOH','280','234'),
	('KED','201','201'),
	('KEL','276','176'),
	('MEL','77','83'),
	('NEG','122','106'),
	('PAH','151','165'),
	('PRK','265','220'),
	('PER','25','23'),
	('PUL','131','72'),
	('SEL','626','328'),
	('TER','190','138'),
	('WKL','196','101'),
	('WPL','7','8'),
	('WPP','21','10');

/*!40000 ALTER TABLE `edu_levels` ENABLE KEYS */;
UNLOCK TABLES;


# Dump of table fakulti
# ------------------------------------------------------------

DROP TABLE IF EXISTS `fakulti`;

CREATE TABLE `fakulti` (
  `FAK_ID` varchar(4) DEFAULT NULL,
  `FAK_DESC` varchar(150) DEFAULT NULL
) ENGINE=InnoDB DEFAULT CHARSET=latin1;

LOCK TABLES `fakulti` WRITE;
/*!40000 ALTER TABLE `fakulti` DISABLE KEYS */;

INSERT INTO `fakulti` (`FAK_ID`, `FAK_DESC`)
VALUES
	('F01','AKADEMI PENGAJIAN BAHASA'),
	('F02','AKADEMI PENGAJIAN ISLAM KONTEMPORARI (ACIS)'),
	('F03','ALAM BINA'),
	('F04','BAHASA DAN KOMUNIKASI'),
	('F05','BAHASA DAN PENGURUSAN'),
	('F06','BAHASA MODEN DAN KOMUNIKASI'),
	('F07','BIOSAINS DAN BIOKEJURUTERAAN'),
	('F08','BIOSAINS DAN KEJURUTERAAN PERUBATAN'),
	('F09','BIOTEKNOLOGI DAN SAINS BIOMOLEKUL'),
	('F10','EKOLOGI MANUSIA'),
	('F11','EKONOMI DAN MUAMALAT'),
	('F12','EKONOMI DAN PENGURUSAN'),
	('F13','EKONOMI DAN PERNIAGAAN'),
	('F14','EKONOMI DAN SAINS PENGURUSAN'),
	('F15','FAKULTI INDUSTRI ASAS TANI'),
	('F16','FAKULTI KEJURUTERAAN AWAM & SUMBER ALAM'),
	('F17','FAKULTI KEJURUTERAAN AWAM DAN ALAM SEKITAR'),
	('F18','FAKULTI KEJURUTERAAN ELEKTRIK & ELEKTRONIK'),
	('F19','FAKULTI KEJURUTERAAN ELEKTRIK DAN ELEKTRONIK'),
	('F20','FAKULTI KEJURUTERAAN KIMIA & SUMBER ASLI'),
	('F21','FAKULTI KEJURUTERAAN MEKANIKAL'),
	('F22','FAKULTI KEJURUTERAAN MEKANIKAL DAN PEMBUATAN'),
	('F23','FAKULTI KEJURUTERAAN PEMBUATAN'),
	('F24','FAKULTI KONTEMPORARI PENGAJIAN ISLAM'),
	('F25','FAKULTI PENDIDIKAN TEKNIKAL DAN VOKASIONAL'),
	('F26','FAKULTI PENGURUSAN INDUSTRI'),
	('F27','FAKULTI PENGURUSAN TEKNOLOGI DAN PERNIAGAAN'),
	('F28','FAKULTI PENGURUSAN TEKNOLOGI DAN TEKNOUSAHAWANAN'),
	('F29','FAKULTI REKABENTUK INOVATIF DAN TEKNOLOGI'),
	('F30','FAKULTI SAINS BUMI'),
	('F31','FAKULTI SAINS DAN TEKNOLOGI INDUSTRI'),
	('F32','FAKULTI SAINS KOMPUTER DAN TEKNOLOGI MAKLUMAT'),
	('F33','FAKULTI SAINS TEKNOLOGI DAN PEMBANGUNAN INSAN'),
	('F34','FAKULTI SISTEM KOMPUTER & KEJURUTERAAN PERISIAN'),
	('F35','FAKULTI TEKNOLOGI KEJURUTERAAN'),
	('F36','FAKULTI UNDANG-UNDANG'),
	('F37','FARMASI'),
	('F38','FILEM, TEATER DAN ANIMASI'),
	('F39','GEOINFORMASI DAN HARTA TANAH'),
	('F40','ILMU PENGETAHUAN BERTERASKAN WAHYU DAN SAINS KEMANUSIAAN'),
	('F41','INFORMATIK'),
	('F42','KEJURURAWATAN'),
	('F43','KEJURUTERAAN'),
	('F44','KEJURUTERAAN AWAM'),
	('F45','KEJURUTERAAN DAN SAINS GEOINFOMASI'),
	('F46','KEJURUTERAAN BIOPERUBATAN DAN SAINS KESIHATAN'),
	('F47','KEJURUTERAAN DAN ALAM BINA'),
	('F48','KEJURUTERAAN ELEKTRIK'),
	('F49','KEJURUTERAAN ELEKTRONIK DAN KEJURUTERAAN KOMPUTER'),
	('F50','KEJURUTERAAN KIMIA'),
	('F51','KEJURUTERAAN MEKANIKAL'),
	('F52','KEJURUTERAAN PEMBUATAN'),
	('F53','KEJURUTERAAN PETROLEUM DAN KEJURUTERAAN TENAGA DIPERBAHARUI'),
	('F54','KEMANUSIAAN, SENI DAN WARISAN'),
	('F55','KEPIMPINAN DAN PENGURUSAN'),
	('F56','KEUSAHAWANAN DAN PERNIAGAAN'),
	('F57','KEWANGAN ANTARABANGSA LABUAN'),
	('F58','KOMPUTERAAN DAN INFORMATIK'),
	('F59','KOMUNIKASI DAN PENGAJIAN MEDIA'),
	('F60','MALAYSIA - JAPAN INTERNATIONAL INSTITUTE OF TECHNOLOGY'),
	('F61','MUZIK'),
	('F62','MUZIK DAN SENI PERSEMBAHAN'),
	('F63','PENDIDIKAN'),
	('F64','PENDIDIKAN DAN PEMBANGUNAN MANUSIA'),
	('F65','PENDIDIKAN TEKNIKAL DAN VOKASIONAL'),
	('F66','PENGAJIAN ALAM SEKITAR'),
	('F67','PENGAJIAN BAHASA UTAMA'),
	('F68','PENGAJIAN DAN PENGURUSAN PERTAHANAN'),
	('F69','PENGAJIAN ISLAM'),
	('F70','PENGAJIAN KONTEMPORARI ISLAM'),
	('F71','PENGAJIAN PENDIDIKAN'),
	('F72','PENGAJIAN PERNIAGAAN'),
	('F73','PENGAJIAN QURAN DAN SUNNAH'),
	('F74','PENGURUSAN DAN EKONOMI'),
	('F75','PENGURUSAN DAN PEMBANGUNAN SUMBER MANUSIA'),
	('F76','PENGURUSAN HOTEL DAN PELANCONGAN'),
	('F77','PENGURUSAN MAKLUMAT'),
	('F78','PENGURUSAN PERNIAGAAN DAN PERAKAUNAN'),
	('F79','PERAKAUNAN'),
	('F80','PERGIGIAN'),
	('F81','PERHUTANAN'),
	('F82','PERLADANGAN DAN AGROTEKNOLOGI'),
	('F83','PERNIAGAAN, EKONOMI DAN PERAKAUNAN'),
	('F84','PERTANIAN'),
	('F85','PERTANIAN DAN BIOTEKNOLOGI'),
	('F86','PERTANIAN LESTARI'),
	('F87','PERUBATAN'),
	('F88','PERUBATAN DAN KESIHATAN PERTAHANAN'),
	('F89','PERUBATAN DAN SAINS KESIHATAN'),
	('F90','PERUBATAN VETERINAR'),
	('F91','PSIKOLOGI DAN PENDIDIKAN'),
	('F92','PUSAT BAHASA'),
	('F93','PUSAT PENGAJIAN BAHASA'),
	('F94','PUSAT PENGAJIAN INFORMATIK DAN MATEMATIK GUNAAN'),
	('F95','PUSAT PENGAJIAN INOVASI PERNIAGAAN DAN TEKNOUSAHAWAN'),
	('F96','PUSAT PENGAJIAN KEJURUTERAAN ALAM SEKITAR'),
	('F97','PUSAT PENGAJIAN KEJURUTERAAN BAHAN'),
	('F98','PUSAT PENGAJIAN KEJURUTERAAN BIOPROSES'),
	('F99','PUSAT PENGAJIAN KEJURUTERAAN KELAUTAN'),
	('F100','PUSAT PENGAJIAN KEJURUTERAAN KOMPUTER DAN PERHUBUNGAN'),
	('F101','PUSAT PENGAJIAN KEJURUTERAAN MEKATRONIK'),
	('F102','PUSAT PENGAJIAN KEJURUTERAAN MIKROELEKTRONIK'),
	('F103','PUSAT PENGAJIAN KEJURUTERAAN PEMBUATAN'),
	('F104','PUSAT PENGAJIAN KEJURUTERAAN SISTEM ELEKTRIK'),
	('F105','PUSAT PENGAJIAN MARIN DAN SEKITARAN'),
	('F106','PUSAT PENGAJIAN PEMBANGUNAN INSAN DAN TEKNOKOMUNIKASI'),
	('F107','PUSAT PENGAJIAN PEMBANGUNAN SOSIAL DAN EKONOMI'),
	('F108','PUSAT PENGAJIAN PERNIAGAAN DAN PENGURUSAN MARITIM'),
	('F109','PUSAT PENGAJIAN SAINS ASAS'),
	('F110','PUSAT PENGAJIAN SAINS DAN TEKNOLOGI MAKANAN'),
	('F111','PUSAT PENGAJIAN SAINS PERIKANAN DAN AKUAKULTUR'),
	('F112','REKABENTUK DAN SENIBINA'),
	('F113','REKABENTUK INOVATIF DAN TEKNOLOGI'),
	('F114','SAINS'),
	('F115','SAINS DAN MATEMATIK'),
	('F116','SAINS DAN SUMBER ALAM'),
	('F117','SAINS DAN TEKNOLOGI'),
	('F118','SAINS DAN TEKNOLOGI MAKANAN'),
	('F119','SAINS DAN TEKNOLOGI PERTAHANAN'),
	('F120','SAINS DAN TEKNOLOGI SUMBER'),
	('F121','SAINS GUNAAN'),
	('F122','SAINS KEMANUSIAAN'),
	('F123','SAINS KESIHATAN'),
	('F124','SAINS KESIHATAN BERSEKUTU'),
	('F125','SAINS KOGNITIF DAN PEMBANGUNAN MANUSIA'),
	('F126','SAINS KOMPUTER DAN MATEMATIK'),
	('F127','SAINS KOMPUTER DAN SISTEM MAKLUMAT'),
	('F128','SAINS KOMPUTER DAN TEKNOLOGI MAKLUMAT'),
	('F129','SAINS MAKANAN DAN PEMAKANAN'),
	('F130','SAINS PENTADBIRAN DAN PENGAJIAN POLISI'),
	('F131','SAINS PERTANIAN DAN MAKANAN (UPMKB)'),
	('F132','SAINS SOSIAL'),
	('F133','SAINS SOSIAL DAN KEMANUSIAAN'),
	('F134','SAINS SUKAN DAN KEJURULATIHAN'),
	('F135','SAINS SUKAN DAN REKREASI'),
	('F136','SENI BINA DAN REKABENTUK ALAM SEKITAR'),
	('F137','SENI BINA PERANCANGAN DAN UKUR'),
	('F138','SENI GUNAAN DAN KREATIF'),
	('F139','SENI LUKIS DAN SENI REKA'),
	('F140','SENI, KOMPUTERAN DAN INDUSTRI KREATIF'),
	('F141','SYARIAH DAN UNDANG-UNDANG'),
	('F142','TEKNOLOGI DAN SAINS MAKLUMAT'),
	('F143','TEKNOLOGI KREATIF DAN WARISAN'),
	('F144','TEKNOLOGI MAKLUMAT DAN KOMUNIKASI'),
	('F145','UNDANG-UNDANG'),
	('F146','UNDANG-UNDANG DAN HUBUNGAN ANTARABANGSA'),
	('F147','UUM COLLEGE OF ART AND SCIENCES'),
	('F148','UUM COLLEGE OF BUSINESS'),
	('F149','UUM COLLEGE OF LAW, GOVERMENT AND INTERNATIONAL STUDIES'),
	('FAK_','FAK_DESC'),
	('F01','AKADEMI PENGAJIAN BAHASA'),
	('F02','AKADEMI PENGAJIAN ISLAM KONTEMPORARI (ACIS)'),
	('F03','ALAM BINA'),
	('F04','BAHASA DAN KOMUNIKASI'),
	('F05','BAHASA DAN PENGURUSAN'),
	('F06','BAHASA MODEN DAN KOMUNIKASI'),
	('F07','BIOSAINS DAN BIOKEJURUTERAAN'),
	('F08','BIOSAINS DAN KEJURUTERAAN PERUBATAN'),
	('F09','BIOTEKNOLOGI DAN SAINS BIOMOLEKUL'),
	('F10','EKOLOGI MANUSIA'),
	('F11','EKONOMI DAN MUAMALAT'),
	('F12','EKONOMI DAN PENGURUSAN'),
	('F13','EKONOMI DAN PERNIAGAAN'),
	('F14','EKONOMI DAN SAINS PENGURUSAN'),
	('F15','FAKULTI INDUSTRI ASAS TANI'),
	('F16','FAKULTI KEJURUTERAAN AWAM & SUMBER ALAM'),
	('F17','FAKULTI KEJURUTERAAN AWAM DAN ALAM SEKITAR'),
	('F18','FAKULTI KEJURUTERAAN ELEKTRIK & ELEKTRONIK'),
	('F19','FAKULTI KEJURUTERAAN ELEKTRIK DAN ELEKTRONIK'),
	('F20','FAKULTI KEJURUTERAAN KIMIA & SUMBER ASLI'),
	('F21','FAKULTI KEJURUTERAAN MEKANIKAL'),
	('F22','FAKULTI KEJURUTERAAN MEKANIKAL DAN PEMBUATAN'),
	('F23','FAKULTI KEJURUTERAAN PEMBUATAN'),
	('F24','FAKULTI KONTEMPORARI PENGAJIAN ISLAM'),
	('F25','FAKULTI PENDIDIKAN TEKNIKAL DAN VOKASIONAL'),
	('F26','FAKULTI PENGURUSAN INDUSTRI'),
	('F27','FAKULTI PENGURUSAN TEKNOLOGI DAN PERNIAGAAN'),
	('F28','FAKULTI PENGURUSAN TEKNOLOGI DAN TEKNOUSAHAWANAN'),
	('F29','FAKULTI REKABENTUK INOVATIF DAN TEKNOLOGI'),
	('F30','FAKULTI SAINS BUMI'),
	('F31','FAKULTI SAINS DAN TEKNOLOGI INDUSTRI'),
	('F32','FAKULTI SAINS KOMPUTER DAN TEKNOLOGI MAKLUMAT'),
	('F33','FAKULTI SAINS TEKNOLOGI DAN PEMBANGUNAN INSAN'),
	('F34','FAKULTI SISTEM KOMPUTER & KEJURUTERAAN PERISIAN'),
	('F35','FAKULTI TEKNOLOGI KEJURUTERAAN'),
	('F36','FAKULTI UNDANG-UNDANG'),
	('F37','FARMASI'),
	('F38','FILEM, TEATER DAN ANIMASI'),
	('F39','GEOINFORMASI DAN HARTA TANAH'),
	('F40','ILMU PENGETAHUAN BERTERASKAN WAHYU DAN SAINS KEMANUSIAAN'),
	('F41','INFORMATIK'),
	('F42','KEJURURAWATAN'),
	('F43','KEJURUTERAAN'),
	('F44','KEJURUTERAAN AWAM'),
	('F45','KEJURUTERAAN DAN SAINS GEOINFOMASI'),
	('F46','KEJURUTERAAN BIOPERUBATAN DAN SAINS KESIHATAN'),
	('F47','KEJURUTERAAN DAN ALAM BINA'),
	('F48','KEJURUTERAAN ELEKTRIK'),
	('F49','KEJURUTERAAN ELEKTRONIK DAN KEJURUTERAAN KOMPUTER'),
	('F50','KEJURUTERAAN KIMIA'),
	('F51','KEJURUTERAAN MEKANIKAL'),
	('F52','KEJURUTERAAN PEMBUATAN'),
	('F53','KEJURUTERAAN PETROLEUM DAN KEJURUTERAAN TENAGA DIPERBAHARUI'),
	('F54','KEMANUSIAAN, SENI DAN WARISAN'),
	('F55','KEPIMPINAN DAN PENGURUSAN'),
	('F56','KEUSAHAWANAN DAN PERNIAGAAN'),
	('F57','KEWANGAN ANTARABANGSA LABUAN'),
	('F58','KOMPUTERAAN DAN INFORMATIK'),
	('F59','KOMUNIKASI DAN PENGAJIAN MEDIA'),
	('F60','MALAYSIA - JAPAN INTERNATIONAL INSTITUTE OF TECHNOLOGY'),
	('F61','MUZIK'),
	('F62','MUZIK DAN SENI PERSEMBAHAN'),
	('F63','PENDIDIKAN'),
	('F64','PENDIDIKAN DAN PEMBANGUNAN MANUSIA'),
	('F65','PENDIDIKAN TEKNIKAL DAN VOKASIONAL'),
	('F66','PENGAJIAN ALAM SEKITAR'),
	('F67','PENGAJIAN BAHASA UTAMA'),
	('F68','PENGAJIAN DAN PENGURUSAN PERTAHANAN'),
	('F69','PENGAJIAN ISLAM'),
	('F70','PENGAJIAN KONTEMPORARI ISLAM'),
	('F71','PENGAJIAN PENDIDIKAN'),
	('F72','PENGAJIAN PERNIAGAAN'),
	('F73','PENGAJIAN QURAN DAN SUNNAH'),
	('F74','PENGURUSAN DAN EKONOMI'),
	('F75','PENGURUSAN DAN PEMBANGUNAN SUMBER MANUSIA'),
	('F76','PENGURUSAN HOTEL DAN PELANCONGAN'),
	('F77','PENGURUSAN MAKLUMAT'),
	('F78','PENGURUSAN PERNIAGAAN DAN PERAKAUNAN'),
	('F79','PERAKAUNAN'),
	('F80','PERGIGIAN'),
	('F81','PERHUTANAN'),
	('F82','PERLADANGAN DAN AGROTEKNOLOGI'),
	('F83','PERNIAGAAN, EKONOMI DAN PERAKAUNAN'),
	('F84','PERTANIAN'),
	('F85','PERTANIAN DAN BIOTEKNOLOGI'),
	('F86','PERTANIAN LESTARI'),
	('F87','PERUBATAN'),
	('F88','PERUBATAN DAN KESIHATAN PERTAHANAN'),
	('F89','PERUBATAN DAN SAINS KESIHATAN'),
	('F90','PERUBATAN VETERINAR'),
	('F91','PSIKOLOGI DAN PENDIDIKAN'),
	('F92','PUSAT BAHASA'),
	('F93','PUSAT PENGAJIAN BAHASA'),
	('F94','PUSAT PENGAJIAN INFORMATIK DAN MATEMATIK GUNAAN'),
	('F95','PUSAT PENGAJIAN INOVASI PERNIAGAAN DAN TEKNOUSAHAWAN'),
	('F96','PUSAT PENGAJIAN KEJURUTERAAN ALAM SEKITAR'),
	('F97','PUSAT PENGAJIAN KEJURUTERAAN BAHAN'),
	('F98','PUSAT PENGAJIAN KEJURUTERAAN BIOPROSES'),
	('F99','PUSAT PENGAJIAN KEJURUTERAAN KELAUTAN'),
	('F100','PUSAT PENGAJIAN KEJURUTERAAN KOMPUTER DAN PERHUBUNGAN'),
	('F101','PUSAT PENGAJIAN KEJURUTERAAN MEKATRONIK'),
	('F102','PUSAT PENGAJIAN KEJURUTERAAN MIKROELEKTRONIK'),
	('F103','PUSAT PENGAJIAN KEJURUTERAAN PEMBUATAN'),
	('F104','PUSAT PENGAJIAN KEJURUTERAAN SISTEM ELEKTRIK'),
	('F105','PUSAT PENGAJIAN MARIN DAN SEKITARAN'),
	('F106','PUSAT PENGAJIAN PEMBANGUNAN INSAN DAN TEKNOKOMUNIKASI'),
	('F107','PUSAT PENGAJIAN PEMBANGUNAN SOSIAL DAN EKONOMI'),
	('F108','PUSAT PENGAJIAN PERNIAGAAN DAN PENGURUSAN MARITIM'),
	('F109','PUSAT PENGAJIAN SAINS ASAS'),
	('F110','PUSAT PENGAJIAN SAINS DAN TEKNOLOGI MAKANAN'),
	('F111','PUSAT PENGAJIAN SAINS PERIKANAN DAN AKUAKULTUR'),
	('F112','REKABENTUK DAN SENIBINA'),
	('F113','REKABENTUK INOVATIF DAN TEKNOLOGI'),
	('F114','SAINS'),
	('F115','SAINS DAN MATEMATIK'),
	('F116','SAINS DAN SUMBER ALAM'),
	('F117','SAINS DAN TEKNOLOGI'),
	('F118','SAINS DAN TEKNOLOGI MAKANAN'),
	('F119','SAINS DAN TEKNOLOGI PERTAHANAN'),
	('F120','SAINS DAN TEKNOLOGI SUMBER'),
	('F121','SAINS GUNAAN'),
	('F122','SAINS KEMANUSIAAN'),
	('F123','SAINS KESIHATAN'),
	('F124','SAINS KESIHATAN BERSEKUTU'),
	('F125','SAINS KOGNITIF DAN PEMBANGUNAN MANUSIA'),
	('F126','SAINS KOMPUTER DAN MATEMATIK'),
	('F127','SAINS KOMPUTER DAN SISTEM MAKLUMAT'),
	('F128','SAINS KOMPUTER DAN TEKNOLOGI MAKLUMAT'),
	('F129','SAINS MAKANAN DAN PEMAKANAN'),
	('F130','SAINS PENTADBIRAN DAN PENGAJIAN POLISI'),
	('F131','SAINS PERTANIAN DAN MAKANAN (UPMKB)'),
	('F132','SAINS SOSIAL'),
	('F133','SAINS SOSIAL DAN KEMANUSIAAN'),
	('F134','SAINS SUKAN DAN KEJURULATIHAN'),
	('F135','SAINS SUKAN DAN REKREASI'),
	('F136','SENI BINA DAN REKABENTUK ALAM SEKITAR'),
	('F137','SENI BINA PERANCANGAN DAN UKUR'),
	('F138','SENI GUNAAN DAN KREATIF'),
	('F139','SENI LUKIS DAN SENI REKA'),
	('F140','SENI, KOMPUTERAN DAN INDUSTRI KREATIF'),
	('F141','SYARIAH DAN UNDANG-UNDANG'),
	('F142','TEKNOLOGI DAN SAINS MAKLUMAT'),
	('F143','TEKNOLOGI KREATIF DAN WARISAN'),
	('F144','TEKNOLOGI MAKLUMAT DAN KOMUNIKASI'),
	('F145','UNDANG-UNDANG'),
	('F146','UNDANG-UNDANG DAN HUBUNGAN ANTARABANGSA'),
	('F147','UUM COLLEGE OF ART AND SCIENCES'),
	('F148','UUM COLLEGE OF BUSINESS'),
	('F149','UUM COLLEGE OF LAW, GOVERMENT AND INTERNATIONAL STUDIES');

/*!40000 ALTER TABLE `fakulti` ENABLE KEYS */;
UNLOCK TABLES;


# Dump of table fbpageinfo
# ------------------------------------------------------------

DROP TABLE IF EXISTS `fbpageinfo`;

CREATE TABLE `fbpageinfo` (
  `FBPINFO_ID` varchar(5) DEFAULT NULL,
  `FBPINFO_DESC` varchar(150) DEFAULT NULL,
  `FBPINFO_TYPE` varchar(3) DEFAULT NULL
) ENGINE=InnoDB DEFAULT CHARSET=latin1;

LOCK TABLES `fbpageinfo` WRITE;
/*!40000 ALTER TABLE `fbpageinfo` DISABLE KEYS */;

INSERT INTO `fbpageinfo` (`FBPINFO_ID`, `FBPINFO_DESC`, `FBPINFO_TYPE`)
VALUES
	('FB01','App Page','T01'),
	('FB02','Appliances','T01'),
	('FB03','Baby Goods/Kids Goods','T01'),
	('FB04','Bags/Luggage','T01'),
	('FB05','Board Game','T01'),
	('FB06','Building Materials','T01'),
	('FB07','Camera/Photo','T01'),
	('FB08','Cars','T01'),
	('FB09','Clothing','T01'),
	('FB10','Commercial Equipment','T01'),
	('FB11','Computers','T01'),
	('FB12','Drugs','T01'),
	('FB13','Electronics','T01'),
	('FB14','Food/Beverages','T01'),
	('FB15','Furniture','T01'),
	('FB16','Games/Toys','T01'),
	('FB17','Health/Beauty','T01'),
	('FB18','Home Decor','T01'),
	('FB19','Household Supplies','T01'),
	('FB20','Jewelry/Watches','T01'),
	('FB21','Kitchen/Cooking','T01'),
	('FB22','Office Supplies','T01'),
	('FB23','Patio/Garden','T01'),
	('FB24','Pet Supplies','T01'),
	('FB25','Phone/Tablet','T01'),
	('FB26','Product/Service','T01'),
	('FB27','Software','T01'),
	('FB28','Tools/Equipment','T01'),
	('FB29','Video Game','T01'),
	('FB30','Vitamins/Supplements','T01'),
	('FB31','Website','T01'),
	('FB32','Wine/Spirits','T01'),
	('FB33','Aerospace/Defense','T02'),
	('FB34','Automobiles and Parts','T02'),
	('FB35','Bank/Financial Institution','T02'),
	('FB36','Biotechnology','T02'),
	('FB37','Cause','T02'),
	('FB38','Chemicals','T02'),
	('FB39','Church/Religious Organization','T02'),
	('FB40','Community Organization','T02'),
	('FB41','Company','T02'),
	('FB42','Computers/Technology','T02'),
	('FB43','Consulting/Business Services','T02'),
	('FB44','Education','T02'),
	('FB45','Elementary School','T02'),
	('FB46','Energy/Utility','T02'),
	('FB47','Engineering/Construction','T02'),
	('FB48','Farming/Agriculture','T02'),
	('FB49','Food/Beverages','T02'),
	('FB50','Government Organization','T02'),
	('FB51','Health/Beauty','T02'),
	('FB52','Health/Medical/Pharmaceuticals','T02'),
	('FB53','Industrials','T02'),
	('FB54','Insurance Company','T02'),
	('FB55','Internet/Software','T02'),
	('FB56','Legal/Law','T02'),
	('FB57','Media/News/Publishing','T02'),
	('FB58','Middle School','T02'),
	('FB59','Mining/Materials','T02'),
	('FB60','Non-Governmental Organization (NGO)','T02'),
	('FB61','Non-Profit Organization','T02'),
	('FB62','Organization','T02'),
	('FB63','Political Organization','T02'),
	('FB64','Political Party','T02'),
	('FB65','Preschool','T02'),
	('FB66','Retail and Consumer Merchandise','T02'),
	('FB67','School','T02'),
	('FB68','Small Business','T02'),
	('FB69','Telecommunication','T02'),
	('FB70','Transport/Freight','T02'),
	('FB71','Travel/Leisure','T02'),
	('FB72','University','T02'),
	('FB73','Airport','T03'),
	('FB74','Arts/Entertainment/Nightlife','T03'),
	('FB75','Attractions/Things to Do','T03'),
	('FB76','Automotive','T03'),
	('FB77','Bank/Financial Services','T03'),
	('FB78','Bar','T03'),
	('FB79','Book Store','T03'),
	('FB80','Business Services','T03'),
	('FB81','Church/Religious Organization','T03'),
	('FB82','Club','T03'),
	('FB83','Community/Government','T03'),
	('FB84','Concert Venue','T03'),
	('FB85','Doctor','T03'),
	('FB86','Education','T03'),
	('FB87','Event Planning/Event Services','T03'),
	('FB88','Food/Grocery','T03'),
	('FB89','Health/Medical/Pharmacy','T03'),
	('FB90','Home Improvement','T03'),
	('FB91','Hospital/Clinic','T03'),
	('FB92','Hotel','T03'),
	('FB93','Landmark','T03'),
	('FB94','Lawyer','T03'),
	('FB95','Library','T03'),
	('FB96','Local Business','T03'),
	('FB97','Middle School','T03'),
	('FB98','Movie Theater','T03'),
	('FB99','Museum/Art Gallery','T03'),
	('FB100','Outdoor Gear/Sporting Goods','T03'),
	('FB101','Pet Services','T03'),
	('FB102','Professional Services','T03'),
	('FB103','Public Places','T03'),
	('FB104','Real Estate','T03'),
	('FB105','Restaurant/Cafe','T03'),
	('FB106','School','T03'),
	('FB107','Shopping/Retail','T03'),
	('FB108','Spas/Beauty/Personal Care','T03'),
	('FB109','Sports Venue','T03'),
	('FB110','Sports/Recreation/Activities','T03'),
	('FB111','Tours/Sightseeing','T03'),
	('FB112','Transportation','T03'),
	('FB113','University','T03'),
	('FB114','Actor/Director','T04'),
	('FB115','Artist','T04'),
	('FB116','Athlete','T04'),
	('FB117','Author','T04'),
	('FB118','Blogger','T04'),
	('FB119','Business Person','T04'),
	('FB120','Chef','T04'),
	('FB121','Coach','T04'),
	('FB122','Comedian','T04'),
	('FB123','Dancer','T04'),
	('FB124','Designer','T04'),
	('FB125','Entertainer','T04'),
	('FB126','Entrepreneur','T04'),
	('FB127','Fictional Character','T04'),
	('FB128','Government Official','T04'),
	('FB129','Journalist','T04'),
	('FB130','Movie Character','T04'),
	('FB131','Musician/Band','T04'),
	('FB132','News Personality','T04'),
	('FB133','Pet','T04'),
	('FB134','Photographer','T04'),
	('FB135','Politician','T04'),
	('FB136','Producer','T04'),
	('FB137','Public Figure','T04'),
	('FB138','Scientist','T04'),
	('FB139','Teacher','T04'),
	('FB140','Writer','T04'),
	('FB141','Album','T05'),
	('FB142','Amateur Sports Team','T05'),
	('FB143','Book','T05'),
	('FB144','Book Series','T05'),
	('FB145','Book Store','T05'),
	('FB146','Concert Tour','T05'),
	('FB147','Concert Venue','T05'),
	('FB148','Fictional Character','T05'),
	('FB149','Library','T05'),
	('FB150','Magazine','T05'),
	('FB151','Movie','T05'),
	('FB152','Movie Character','T05'),
	('FB153','Movie Theater','T05'),
	('FB154','usic Award','T05'),
	('FB155','Music Chart','T05'),
	('FB156','Music Video','T05'),
	('FB157','Performance Art','T05'),
	('FB158','Radio Station','T05'),
	('FB159','Record Label','T05'),
	('FB160','School Sports Team','T05'),
	('FB161','Song','T05'),
	('FB162','Sports League','T05'),
	('FB163','Sports Team','T05'),
	('FB164','Sports Venue','T05'),
	('FB165','Studio','T05'),
	('FB166','Theatrical Play','T05'),
	('FB167','TV Channel','T05'),
	('FB168','TV Network','T05'),
	('FB169','TV Show','T05'),
	('FB170','TV/Movie Award','T05');

/*!40000 ALTER TABLE `fbpageinfo` ENABLE KEYS */;
UNLOCK TABLES;


# Dump of table fbpagetype
# ------------------------------------------------------------

DROP TABLE IF EXISTS `fbpagetype`;

CREATE TABLE `fbpagetype` (
  `FBPTYPE_ID` varchar(4) DEFAULT NULL,
  `FBPTYPE_DESC` varchar(150) DEFAULT NULL
) ENGINE=InnoDB DEFAULT CHARSET=latin1;

LOCK TABLES `fbpagetype` WRITE;
/*!40000 ALTER TABLE `fbpagetype` DISABLE KEYS */;

INSERT INTO `fbpagetype` (`FBPTYPE_ID`, `FBPTYPE_DESC`)
VALUES
	('T01','Brand or Product'),
	('T02','Company, Organization or Institution'),
	('T03','Local Business or Place'),
	('T04','Artist, Band or Public Figure'),
	('T05','Entertainment');

/*!40000 ALTER TABLE `fbpagetype` ENABLE KEYS */;
UNLOCK TABLES;


# Dump of table job_category
# ------------------------------------------------------------

DROP TABLE IF EXISTS `job_category`;

CREATE TABLE `job_category` (
  `JOB_ID` varchar(5) DEFAULT NULL,
  `JOB_NAME` varchar(100) DEFAULT NULL
) ENGINE=InnoDB DEFAULT CHARSET=utf8;

LOCK TABLES `job_category` WRITE;
/*!40000 ALTER TABLE `job_category` DISABLE KEYS */;

INSERT INTO `job_category` (`JOB_ID`, `JOB_NAME`)
VALUES
	('JOB01','Pertanian, Perhutanan & Perikanan'),
	('JOB02','Perlombongan & Pengkuarian'),
	('JOB03','Pembuatan'),
	('JOB04','Bekalan Elektrik, Gas, Wap & Pendingin Udara'),
	('JOB05','Bekalan Air; Pembentungan, Pengurusan Sisa & Aktiviti Pemulihan'),
	('JOB06','Pembinaan'),
	('JOB07','Perdagangan Borong & Runcit, Pembaikan Kenderaan Bermotor & Motosikal'),
	('JOB08','Pengangkutan & Penyimpanan'),
	('JOB09','Penginapan & Activiti Perkhidmatan Makanan & Minuman'),
	('JOB10','Maklumat & Komunikasi'),
	('JOB11','Aktiviti Kewangan & Insurans / Takaful'),
	('JOB12','Aktiviti Hartanah'),
	('JOB13','Aktiviti Profesional, Saintifik & Teknikal'),
	('JOB14','Aktiviti Pentadbiran & Khidmat Sokongan'),
	('JOB15','Pentadbiran Awam & Pertahanan: Aktiviti Keselamatan Sosial Wajib'),
	('JOB16','Pendidikan'),
	('JOB17','Activiti Kesihatan Kemanusiaan & Kerja Sosial'),
	('JOB18','Kesenian, Hiburan & Rekreasi');

/*!40000 ALTER TABLE `job_category` ENABLE KEYS */;
UNLOCK TABLES;


# Dump of table jobs_by_course
# ------------------------------------------------------------

DROP TABLE IF EXISTS `jobs_by_course`;

CREATE TABLE `jobs_by_course` (
  `CJ_ID` varchar(11) DEFAULT NULL,
  `CJ_COURSE` varchar(50) DEFAULT NULL,
  `CJ_JOB` varchar(10) DEFAULT NULL
) ENGINE=InnoDB DEFAULT CHARSET=latin1;

LOCK TABLES `jobs_by_course` WRITE;
/*!40000 ALTER TABLE `jobs_by_course` DISABLE KEYS */;

INSERT INTO `jobs_by_course` (`CJ_ID`, `CJ_COURSE`, `CJ_JOB`)
VALUES
	('B14','EKONOMI/PERAKAUNAN/ PERNIAGAAN','JOB13'),
	('B02','EKONOMI/PERAKAUNAN/ PERNIAGAAN','JOB14'),
	('B02','EKONOMI/PERAKAUNAN/ PERNIAGAAN','JOB16'),
	('B03','FARMASI','JOB17'),
	('B04','KEJURUTERAAN','JOB03'),
	('B04','KEJURUTERAAN','JOB06'),
	('B04','KEJURUTERAAN','JOB13'),
	('B05','KOMPUTER/ ICT','JOB10'),
	('B05','KOMPUTER/ ICT','JOB13'),
	('B06','PENDIDIKAN','JOB16'),
	('B07','PENGAJIAN ISLAM','JOB16'),
	('B07','PENGAJIAN ISLAM','JOB18'),
	('B08','PENGURUSAN','JOB14'),
	('B08','PENGURUSAN','JOB15'),
	('B09','PERGIGIAN','JOB17'),
	('B10','SAINS','JOB01'),
	('B10','SAINS','JOB04'),
	('B10','SAINS','JOB08'),
	('B11','SAINS GUNAAN','JOB09'),
	('B11','SAINS GUNAAN','JOB12'),
	('B12','SAINS KESIHATAN/ SAINS BERSEKUTU','JOB13'),
	('B12','SAINS KESIHATAN/ SAINS BERSEKUTU','JOB17'),
	('B13','SAINS TULEN','JOB08'),
	('B14','SASTERA','JOB12'),
	('B14','SASTERA','JOB11'),
	('B15','SENI BINA','JOB03'),
	('B15','SENI BINA','JOB12'),
	('B16','TEKNOLOGI','JOB13'),
	('B16','TEKNOLOGI','JOB10'),
	('B17','UNDANG-UNDANG','JOB13'),
	('B17','UNDANG-UNDANG','JOB12'),
	('B01','BAHASA','JOB16');

/*!40000 ALTER TABLE `jobs_by_course` ENABLE KEYS */;
UNLOCK TABLES;


# Dump of table jobs_by_state_category
# ------------------------------------------------------------

DROP TABLE IF EXISTS `jobs_by_state_category`;

CREATE TABLE `jobs_by_state_category` (
  `JOB_STATE` varchar(5) DEFAULT NULL,
  `JOB_ID` varchar(100) DEFAULT NULL,
  `JOB_TOTAL` varchar(10) DEFAULT NULL
) ENGINE=InnoDB DEFAULT CHARSET=utf8;

LOCK TABLES `jobs_by_state_category` WRITE;
/*!40000 ALTER TABLE `jobs_by_state_category` DISABLE KEYS */;

INSERT INTO `jobs_by_state_category` (`JOB_STATE`, `JOB_ID`, `JOB_TOTAL`)
VALUES
	('JOH','JOB02','0'),
	('JOH','JOB03','7745'),
	('JOH','JOB04','50'),
	('JOH','JOB05','31'),
	('JOH','JOB06','6360'),
	('JOH','JOB07','276'),
	('JOH','JOB08','30'),
	('JOH','JOB09','700'),
	('JOH','JOB10','3'),
	('JOH','JOB11','153'),
	('JOH','JOB12','0'),
	('JOH','JOB13','48'),
	('JOH','JOB14','0'),
	('JOH','JOB15','0'),
	('JOH','JOB16','9'),
	('JOH','JOB17','27'),
	('JOH','JOB18','10'),
	('KED','JOB01','72'),
	('KED','JOB02','0'),
	('KED','JOB03','2097'),
	('KED','JOB04','0'),
	('KED','JOB05','0'),
	('KED','JOB06','529'),
	('KED','JOB07','11'),
	('KED','JOB08','1'),
	('KED','JOB09','73'),
	('KED','JOB10','3'),
	('KED','JOB11','104'),
	('KED','JOB12','1'),
	('KED','JOB13','4'),
	('KED','JOB14','172'),
	('KED','JOB15','0'),
	('KED','JOB16','0'),
	('KED','JOB17','8'),
	('KED','JOB18','0'),
	('KEL','JOB01','264'),
	('KEL','JOB02','0'),
	('KEL','JOB03','323'),
	('KEL','JOB04','0'),
	('KEL','JOB05','0'),
	('KEL','JOB06','25'),
	('KEL','JOB07','0'),
	('KEL','JOB08','0'),
	('KEL','JOB09','0'),
	('KEL','JOB10','48'),
	('KEL','JOB11','345'),
	('KEL','JOB12','0'),
	('KEL','JOB13','24'),
	('KEL','JOB14','0'),
	('KEL','JOB15','0'),
	('KEL','JOB16','102'),
	('KEL','JOB17','1'),
	('KEL','JOB18','0'),
	('MEL','JOB01','216'),
	('MEL','JOB02','0'),
	('MEL','JOB03','891'),
	('MEL','JOB04','1'),
	('MEL','JOB05','7'),
	('MEL','JOB06','1105'),
	('MEL','JOB07','0'),
	('MEL','JOB08','0'),
	('MEL','JOB09','474'),
	('MEL','JOB10','0'),
	('MEL','JOB11','10'),
	('MEL','JOB12','1'),
	('MEL','JOB13','6'),
	('MEL','JOB14','101'),
	('MEL','JOB15','0'),
	('MEL','JOB16','23'),
	('MEL','JOB17','10'),
	('MEL','JOB18','0'),
	('NEG','JOB01','705'),
	('NEG','JOB02','0'),
	('NEG','JOB03','1257'),
	('NEG','JOB04','0'),
	('NEG','JOB05','0'),
	('NEG','JOB06','457'),
	('NEG','JOB07','16'),
	('NEG','JOB08','11'),
	('NEG','JOB09','341'),
	('NEG','JOB10','20'),
	('NEG','JOB11','130'),
	('NEG','JOB12','0'),
	('NEG','JOB13','39'),
	('NEG','JOB14','8'),
	('NEG','JOB15','0'),
	('NEG','JOB16','122'),
	('NEG','JOB17','4'),
	('NEG','JOB18','0'),
	('PAH','JOB01','1445'),
	('PAH','JOB02','0'),
	('PAH','JOB03','139'),
	('PAH','JOB04','0'),
	('PAH','JOB05','0'),
	('PAH','JOB06','103'),
	('PAH','JOB07','22'),
	('PAH','JOB08','0'),
	('PAH','JOB09','122'),
	('PAH','JOB10','2'),
	('PAH','JOB11','220'),
	('PAH','JOB12','4'),
	('PAH','JOB13','0'),
	('PAH','JOB14','0'),
	('PAH','JOB15','20'),
	('PAH','JOB16','0'),
	('PAH','JOB17','0'),
	('PAH','JOB18','1'),
	('PER','JOB01','1784'),
	('PER','JOB02','0'),
	('PER','JOB03','3699'),
	('PER','JOB04','0'),
	('PER','JOB05','0'),
	('PER','JOB06','234'),
	('PER','JOB07','20'),
	('PER','JOB08','5'),
	('PER','JOB09','462'),
	('PER','JOB10','2'),
	('PER','JOB11','302'),
	('PER','JOB12','0'),
	('PER','JOB13','5'),
	('PER','JOB14','0'),
	('PER','JOB15','0'),
	('PER','JOB16','0'),
	('PER','JOB17','0'),
	('PER','JOB18','0'),
	('PUL','JOB01','68'),
	('PUL','JOB02','0'),
	('PUL','JOB03','8,069'),
	('PUL','JOB04','1'),
	('PUL','JOB05','0'),
	('PUL','JOB06','2,355'),
	('PUL','JOB07','24'),
	('PUL','JOB08','1'),
	('PUL','JOB09','214'),
	('PUL','JOB10','0'),
	('PUL','JOB11','11'),
	('PUL','JOB12','1'),
	('PUL','JOB13','6'),
	('PUL','JOB14','0'),
	('PUL','JOB15','0'),
	('PUL','JOB16','6'),
	('PUL','JOB17','6'),
	('PUL','JOB18','0'),
	('SEL','JOB01','2313'),
	('SEL','JOB02','3'),
	('SEL','JOB03','7600'),
	('SEL','JOB04','25'),
	('SEL','JOB05','10'),
	('SEL','JOB06','5688'),
	('SEL','JOB07','123'),
	('SEL','JOB08','140'),
	('SEL','JOB09','2043'),
	('SEL','JOB10','279'),
	('SEL','JOB11','317'),
	('SEL','JOB12','0'),
	('SEL','JOB13','85'),
	('SEL','JOB14','1880'),
	('SEL','JOB15','107'),
	('SEL','JOB16','85'),
	('SEL','JOB17','14'),
	('SEL','JOB18','11'),
	('TER','JOB01','2018'),
	('TER','JOB02','0'),
	('TER','JOB03','326'),
	('TER','JOB04','0'),
	('TER','JOB05','0'),
	('TER','JOB06','222'),
	('TER','JOB07','63'),
	('TER','JOB08','0'),
	('TER','JOB09','28'),
	('TER','JOB10','6'),
	('TER','JOB11','41'),
	('TER','JOB12','0'),
	('TER','JOB13','2'),
	('TER','JOB14','8'),
	('TER','JOB15','0'),
	('TER','JOB16','24'),
	('TER','JOB17','0'),
	('TER','JOB18','0'),
	('WKL','JOB01','522'),
	('WKL','JOB02','9'),
	('WKL','JOB03','881'),
	('WKL','JOB04','6'),
	('WKL','JOB05','1'),
	('WKL','JOB06','2036'),
	('WKL','JOB07','7'),
	('WKL','JOB08','41'),
	('WKL','JOB09','1589'),
	('WKL','JOB10','35'),
	('WKL','JOB11','761'),
	('WKL','JOB12','0'),
	('WKL','JOB13','116'),
	('WKL','JOB14','1022'),
	('WKL','JOB15','18'),
	('WKL','JOB16','56'),
	('WKL','JOB17','0'),
	('WKL','JOB18','0'),
	('WPL','JOB01','17'),
	('WPL','JOB02','0'),
	('WPL','JOB03','0'),
	('WPL','JOB04','40'),
	('WPL','JOB05','5'),
	('WPL','JOB06','0'),
	('WPL','JOB07','1'),
	('WPL','JOB08','0'),
	('WPL','JOB09','12'),
	('WPL','JOB10','0'),
	('WPL','JOB11','0'),
	('WPL','JOB12','0'),
	('WPL','JOB13','0'),
	('WPL','JOB14','0'),
	('WPL','JOB15','0'),
	('WPL','JOB16','0'),
	('WPL','JOB17','0'),
	('WPL','JOB18','0'),
	('WPP','JOB01','0'),
	('WPP','JOB02','0'),
	('WPP','JOB03','119'),
	('WPP','JOB04','38'),
	('WPP','JOB05','0'),
	('WPP','JOB06','53'),
	('WPP','JOB07','2'),
	('WPP','JOB08','0'),
	('WPP','JOB09','110'),
	('WPP','JOB10','0'),
	('WPP','JOB11','970'),
	('WPP','JOB12','0'),
	('WPP','JOB13','0'),
	('WPP','JOB14','30'),
	('WPP','JOB15','0'),
	('WPP','JOB16','0'),
	('WPP','JOB17','0'),
	('WPP','JOB18','0'),
	('JOH','JOB01','3488');

/*!40000 ALTER TABLE `jobs_by_state_category` ENABLE KEYS */;
UNLOCK TABLES;


# Dump of table kursus
# ------------------------------------------------------------

DROP TABLE IF EXISTS `kursus`;

CREATE TABLE `kursus` (
  `KSS_ID` decimal(10,0) NOT NULL,
  `KSS_UNI` varchar(2) DEFAULT NULL,
  `KSS_KOD_PROG` varchar(5) DEFAULT NULL,
  `KSS_PROG_DESC` varchar(150) DEFAULT NULL,
  `KSS_SEM` decimal(10,0) DEFAULT NULL,
  `KSS_BID` varchar(4) DEFAULT NULL,
  `KSS_FAK` varchar(5) DEFAULT NULL,
  KEY `KSS_BID_IDX` (`KSS_BID`),
  KEY `KSS_FAK` (`KSS_FAK`)
) ENGINE=InnoDB DEFAULT CHARSET=latin1;

LOCK TABLES `kursus` WRITE;
/*!40000 ALTER TABLE `kursus` DISABLE KEYS */;

INSERT INTO `kursus` (`KSS_ID`, `KSS_UNI`, `KSS_KOD_PROG`, `KSS_PROG_DESC`, `KSS_SEM`, `KSS_BID`, `KSS_FAK`)
VALUES
	(1,'A','AA06','IJAZAH SARJANA MUDA SENI PERSEMBAHAN (TEATER) DENGAN KEPUJIAN#',6,'B14','F62'),
	(2,'A','AA16','IJAZAH SARJANA MUDA PSIKOLOGI DENGAN KEPUJIAN',8,'B14','F64'),
	(3,'A','AA56','IJAZAH SARJANA MUDA SENI PERSEMBAHAN (TARI) DENGAN KEPUJIAN#',6,'B14','F62'),
	(4,'A','AC10','IJAZAH SARJANA MUDA KEJURUTERAAN PERISIAN (PERISIAN PENDIDIKAN) DENGAN KEPUJIAN',8,'B05','F140'),
	(5,'A','AE02','IJAZAH SARJANA MUDA PERAKAUNAN DENGAN KEPUJIAN',8,'B02','F74'),
	(6,'A','AE07','IJAZAH SARJANA MUDA EKONOMI (KEWANGAN) DENGAN KEPUJIAN',8,'B02','F74'),
	(7,'A','AE11','IJAZAH SARJANA MUDA PENTADBIRAN PERNIAGAAN (PENGURUSAN SUMBER MANUSIA) DENGAN KEPUJIAN',8,'B02','F74'),
	(8,'A','AE14','IJAZAH SARJANA MUDA PENTABIRAN PERNIAGAAN (PERKHIDMATAN KEWANGAN) DENGAN KEPUJIAN',8,'B02','F74'),
	(9,'A','AE23','IJAZAH SARJANA MUDA EKONOMI (KEWANGAN ISLAM) DENGAN KEPUJIAN',8,'B02','F74'),
	(10,'A','AH16','IJAZAH SARJANA MUDA REKA BENTUK (PENGIKLANAN) DENGAN KEPUJIAN',8,'B05','F140'),
	(11,'A','AH17','IJAZAH SARJANA MUDA REKA BENTUK (ANIMASI) DENGAN KEPUJIAN',8,'B05','F140'),
	(12,'A','AS20','IJAZAH SARJANA MUDA SAINS SUKAN (PSIKOLOGI SUKAN) DENGAN KEPUJIAN#',8,'B12','F134'),
	(13,'A','AS72','IJAZAH SARJANA MUDA SAINS SUKAN (REHABILITASI SUKAN) DENGAN KEPUJIAN #',8,'B12','F134'),
	(14,'A','AS74','IJAZAH SARJANA MUDA SAINS SUKAN (SAINS KEJURULATIHAN) DENGAN KEPUJIAN#',7,'B12','F134'),
	(15,'A','AT01','IJAZAH SARJANA MUDA PENDIDIKAN (KESUSASTERAAN MELAYU) DENGAN KEPUJIAN #',8,'B06','F04'),
	(16,'A','AT03','IJAZAH SARJANA MUDA PENDIDIKAN (SAINS SUKAN) DENGAN KEPUJIAN#',8,'B06','F134'),
	(17,'A','AT05','IJAZAH SARJANA MUDA PENDIDIKAN (BAHASA MELAYU) DENGAN KEPUJIAN#',8,'B06','F04'),
	(18,'A','AT06','IJAZAH SARJANA MUDA PENDIDIKAN (PENGAJARAN BAHASA INGGERIS SEBAGAI BAHASA KEDUA) (TESL)) DENGAN KEPUJIAN#',8,'B06','F04'),
	(19,'A','AT07','IJAZAH SARJANA MUDA PENDIDIKAN (EKONOMI RUMAHTANGGA) DENGAN KEPUJIAN#',8,'B06','F65'),
	(20,'A','AT09','IJAZAH SARJANA MUDA PENDIDIKAN (SAINS PERTANIAN) DENGAN KEPUJIAN#',8,'B06','F65'),
	(21,'A','AT10','IJAZAH SARJANA MUDA PENDIDIKAN (PENDIDIKAN KHAS) DENGAN KEPUJIAN#',8,'B06','F64'),
	(22,'A','AT14','IJAZAH SARJANA MUDA PENDIDIKAN (MATEMATIK) DENGAN KEPUJIAN#',8,'B06','F115'),
	(23,'A','AT16','IJAZAH SARJANA MUDA PENDIDIKAN (SAINS) DENGAN KEPUJIAN#',8,'B06','F115'),
	(24,'A','AT19','IJAZAH SARJANA MUDA PENDIDIKAN (PENDIDIKAN AWAL KANAK-KANAK) DENGAN KEPUJIAN #',8,'B06','F64'),
	(25,'A','AT22','IJAZAH SARJANA MUDA PENDIDIKAN (MUZIK) DENGAN KEPUJIAN#',8,'B06','F62'),
	(26,'A','AT23','IJAZAH SARJANA MUDA PENDIDIKAN (SENI) DENGAN KEPUJIAN#',8,'B06','F140'),
	(27,'A','AT32','IJAZAH SARJANA MUDA PENDIDIKAN (SEJARAH) DENGAN KEPUJIAN#',8,'B06','F122'),
	(28,'A','AT33','IJAZAH SARJANA MUDA PENDIDIKAN (GEOGRAFI) DENGAN KEPUJIAN#',8,'B06','F122'),
	(29,'A','AT35','IJAZAH SARJANA MUDA PENDIDIKAN (PENDIDIKAN ISLAM) DENGAN KEPUJIAN#',8,'B06','F122'),
	(30,'A','AT41','IJAZAH SARJANA MUDA PENDIDIKAN (PENDIDIKAN MORAL) DENGAN KEPUJIAN#',8,'B06','F122'),
	(31,'A','AT49','IJAZAH SARJANA MUDA BAHASA ARAB DENGAN PENDIDIKAN#',8,'B06','F04'),
	(32,'A','AT50','IJAZAH SARJANA MUDA BAHASA CINA DENGAN PENDIDIKAN#',8,'B06','F04'),
	(33,'A','AT58','IJAZAH SARJANA MUDA PENGAJIAN MALAYSIA DENGAN PENDIDIKAN#',8,'B06','F122'),
	(34,'A','AT59','IJAZAH SARJANA MUDA PENDIDIKAN (PENDIDIKAN JASMANI) DENGAN KEPUJIAN#',8,'B06','F134'),
	(35,'A','AT62','IJAZAH SARJANA MUDA PENDIDIKAN (BAHASA TAMIL) DENGAN KEPUJIAN#',8,'B06','F04'),
	(36,'B','BC01','SARJANA MUDA TEKNOLOGI MAKLUMAT',7,'B05','F32'),
	(37,'B','BC10','SARJANA MUDA SAINS KOMPUTER (KEJURUTERAAN PERISIAN) DENGAN KEPUJIAN',7,'B05','F32'),
	(38,'B','BC24','SARJANA MUDA SAINS KOMPUTER (PENGKOMPUTERAN MULTIMEDIA) DENGAN KEPUJIAN',7,'B05','F32'),
	(39,'B','BC27','SARJANA MUDA SAINS KOMPUTER (KESELAMATAN MAKLUMAT) DENGAN KEPUJIAN',7,'B05','F32'),
	(40,'B','BC28','SARJANA MUDA SAINS KOMPUTER (TEKNOLOGI WEB) DENGAN KEPUJIAN',7,'B05','F32'),
	(41,'B','BG00','SARJANA MUDA SAINS (FIZIK GUNAAN) DENGAN KEPUJIAN',8,'B11','F33'),
	(42,'B','BG06','SARJANA MUDA SAINS (STATISTIK INDUSTRI) DENGAN KEPUJIAN',7,'B11','F33'),
	(43,'B','BG09','SARJANA MUDA SAINS (TEKNOLOGI MAKANAN) DENGAN KEPUJIAN',8,'B11','F33'),
	(44,'B','BK01','SARJANA MUDA KEJURUTERAAN AWAM DENGAN KEPUJIAN',8,'B04','F17'),
	(45,'B','BK08','SARJANA MUDA KEJURUTERAAN MEKANIKAL DENGAN KEPUJIAN',8,'B04','F22'),
	(46,'B','BK27','SARJANA MUDA TEKNOLOGI KEJURUTERAAN AERONAUTIK (PENYENGGARAAN PESAWAT TERBANG) DENGAN KEPUJIAN#',8,'B04','F22'),
	(47,'B','BK54','SARJANA MUDA KEJURUTERAAN ELEKTRIK DENGAN KEPUJIAN',8,'B04','F19'),
	(48,'B','BK86','SARJANA MUDA KEJURUTERAAN ELEKTRONIK DENGAN KEPUJIAN',8,'B04','F19'),
	(49,'B','BK94','SARJANA MUDA TEKNOLOGI KEJURUTERAAN AERONAUTIK (PENERBANGAN PROFESIONAL) DENGAN KEPUJIAN#',8,'B04','F22'),
	(50,'B','BK98','SARJANA MUDA TEKNOLOGI KEJURUTERAAN AERONAUTIK (KAWALAN TRAFIK UDARA) DENGAN KEPUJIAN#',8,'B04','F22'),
	(51,'B','BP23','SARJANA MUDA PENGURUSAN TEKNOLOGI (PENGELUARAN & OPERASI) DENGAN KEPUJIAN',8,'B08','F27'),
	(52,'B','BP24','SARJANA MUDA PENGURUSAN TEKNOLOGI (PEMBINAAN) DENGAN KEPUJIAN',8,'B08','F27'),
	(53,'B','BP25','SARJANA MUDA PENGURUSAN HARTA TANAH DENGAN KEPUJIAN',8,'B08','F27'),
	(54,'B','BP28','SARJANA MUDA PENGURUSAN TEKNOLOGI DENGAN KEPUJIAN',8,'B08','F27'),
	(55,'B','BS03','SARJANA MUDA SAINS (KEPELBAGAIAN BIOLOGI DAN PEMULIHARAAN) DENGAN KEPUJIAN',8,'B10','F33'),
	(56,'B','BS08','SARJANA MUDA SAINS (MATEMATIK TEKNOLOGI ) DENGAN KEPUJIAN',7,'B13','F33'),
	(57,'B','BT61','SARJANA MUDA PENDIDIKAN VOKASIONAL (ELEKTRIK DAN ELEKTRONIK) DENGAN KEPUJIAN #',8,'B06','F25'),
	(58,'B','BT71','SARJANA MUDA PENDIDIKAN VOKASIONAL (PENYEJUKBEKUAN DAN PENYAMANAN UDARA) DENGAN KEPUJIAN #',8,'B06','F25'),
	(59,'B','BT72','SARJANA MUDA PENDIDIKAN VOKASIONAL (PEMESINAN AM) DENGAN KEPUJIAN #',8,'B06','F25'),
	(60,'B','BT73','SARJANA MUDA PENDIDIKAN VOKASIONAL (BINAAN BANGUNAN) DENGAN KEPUJIAN #',8,'B06','F25'),
	(61,'B','BT74','SARJANA MUDA PENDIDIKAN VOKASIONAL (KIMPALAN DAN FABRIKASI LOGAM) DENGAN KEPUJIAN #',8,'B06','F25'),
	(62,'B','BT75','SARJANA MUDA PENDIDIKAN VOKASIONAL (MULTIMEDIA KREATIF) DENGAN KEPUJIAN #',8,'B06','F25'),
	(63,'B','BT76','SARJANA MUDA PENDIDIKAN VOKASIONAL (KATERING) DENGAN KEPUJIAN #',8,'B06','F25'),
	(64,'B','BY11','SARJANA MUDA TEKNOLOGI KEJURUTERAAN AWAM (PEMBINAAN) DENGAN KEPUJIAN',8,'B16','F35'),
	(65,'B','BY12','SARJANA MUDA TEKNOLOGI KEJURUTERAAN AWAM (ALAM SEKITAR) DENGAN KEPUJIAN',8,'B16','F35'),
	(66,'B','BY13','SARJANA MUDA TEKNOLOGI KEJURUTERAAN AWAM (PERKHIDMATAN BANGUNAN) DENGAN KEPUJIAN',8,'B16','F17'),
	(67,'B','BY22','SARJANA MUDA TEKNOLOGI KEJURUTERAAN KIMIA (BIOTEKNOLOGI) DENGAN KEPUJIAN',8,'B16','F17'),
	(68,'B','BY32','SARJANA MUDA TEKNOLOGI KEJURUTERAAN ELEKTRONIK (AUTOMASI INDUSTRI) DENGAN KEPUJIAN',8,'B16','F35'),
	(69,'B','BY33','SARJANA MUDA TEKNOLOGI KEJURUTERAAN ELEKTRIK (KUASA ELEKTRIK) DENGAN KEPUJIAN',8,'B16','F35'),
	(70,'B','BY51','SARJANA MUDA TEKNOLOGI KEJURUTERAAN MEKANIKAL (AUTOMOTIF) DENGAN KEPUJIAN',8,'B16','F35'),
	(71,'B','BY54','SARJANA MUDA TEKNOLOGI KEJURUTERAAN MEKANIKAL (LOJI) DENGAN KEPUJIAN',8,'B16','F22'),
	(72,'B','BY55','SARJANA MUDA TEKNOLOGI KEJURUTERAAN MEKANIKAL (PEMBUATAN) DENGAN KEPUJIAN',8,'B16','F35'),
	(73,'B','BY82','SARJANA MUDA TEKNOLOGI KEJURUTERAAN ELEKTRONIK (KOMUNIKASI DAN KOMPUTER) DENGAN KEPUJIAN',8,'B16','F35'),
	(74,'B','BY93','SARJANA MUDA TEKNOLOGI KEJURUTERAAN MEKANIKAL (PEMBUNGKUSAN INDUSTRI) DENGAN KEPUJIAN',8,'B16','F35'),
	(75,'B','BY94','SARJANA MUDA TEKNOLOGI KEJURUTERAAN MEKANIKAL (TEKSTIL INDUSTRI) DENGAN KEPUJIAN',8,'B16','F35'),
	(76,'C','CC10','IJAZAH SARJANA MUDA SAINS KOMPUTER (PEMBANGUNAN PERISIAN) DENGAN KEPUJIAN',7,'B05','F144'),
	(77,'C','CC11','IJAZAH SARJANA MUDA SAINS KOMPUTER (RANGKAIAN KOMPUTER) DENGAN KEPUJIAN',7,'B05','F144'),
	(78,'C','CC13','IJAZAH SARJANA MUDA SAINS KOMPUTER (MEDIA INTERAKTIF) DENGAN KEPUJIAN',7,'B05','F144'),
	(79,'C','CC14','IJAZAH SARJANA MUDA SAINS KOMPUTER (PENGURUSAN PANGKALAN DATA) DENGAN KEPUJIAN',7,'B05','F144'),
	(80,'C','CC25','IJAZAH SARJANA MUDA SAINS KOMPUTER (KEPINTARAN BUATAN) DENGAN KEPUJIAN',7,'B05','F144'),
	(81,'C','CC27','IJAZAH SARJANA MUDA SAINS KOMPUTER (KESELAMATAN KOMPUTER) DENGAN KEPUJIAN',7,'B05','F144'),
	(82,'C','CC30','IJAZAH SARJANA MUDA TEKNOLOGI MAKLUMAT (TEKNOLOGI PERMAINAN) DENGAN KEPUJIAN',7,'B05','F144'),
	(83,'C','CK08','IJAZAH SARJANA MUDA KEJURUTERAAN MEKANIKAL DENGAN KEPUJIAN',8,'B04','F51'),
	(84,'C','CK09','IJAZAH SARJANA MUDA KEJURUTERAAN PEMBUATAN DENGAN KEPUJIAN',8,'B04','F52'),
	(85,'C','CK24','IJAZAH SARJANA MUDA KEJURUTERAAN MEKATRONIK DENGAN KEPUJIAN',8,'B04','F48'),
	(86,'C','CK42','IJAZAH SARJANA MUDA KEJURUTERAAN ELEKTRIK DENGAN KEPUJIAN',8,'B04','F48'),
	(87,'C','CK54','IJAZAH SARJANA MUDA KEJURUTERAAN ELEKTRONIK DENGAN KEPUJIAN',8,'B04','F49'),
	(88,'C','CP53','IJAZAH SARJANA MUDA TEKNOUSAHAWANAN DENGAN KEPUJIAN',8,'B08','F28'),
	(89,'C','CP54','IJAZAH SARJANA MUDA PENGURUSAN TEKNOLOGI DENGAN KEPUJIAN (INOVASI TEKNOLOGI)',8,'B08','F28'),
	(90,'C','CP55','IJAZAH SARJANA MUDA PENGURUSAN TEKNOLOGI DENGAN KEPUJIAN (PEMASARAN TEKNOLOGI TINGGI)',8,'B08','F28'),
	(91,'C','CY31','IJAZAH SARJANA MUDA TEKNOLOGI KEJURUTERAAN ELEKTRIK (KUASA INDUSTRI) DENGAN KEPUJIAN',8,'B16','F35'),
	(92,'C','CY32','IJAZAH SARJANA MUDA TEKNOLOGI KEJURUTERAAN ELEKTRIK (AUTOMASI INDUSTRI & ROBOTIK) DENGAN KEPUJIAN',8,'B16','F35'),
	(93,'C','CY41','IJAZAH SARJANA MUDA TEKNOLOGI KEJURUTERAAN ELEKTRONIK (TELEKOMUNIKASI) DENGAN KEPUJIAN',8,'B16','F35'),
	(94,'C','CY42','IJAZAH SARJANA MUDA TEKNOLOGI KEJURUTERAAN ELEKTRONIK (ELEKTRONIK INDUSTRI) DENGAN KEPUJIAN',8,'B16','F35'),
	(95,'C','CY51','IJAZAH SARJANA MUDA TEKNOLOGI KEJURUTERAAN MEKANIKAL (TEKNOLOGI AUTOMOTIF) DENGAN KEPUJIAN',8,'B16','F35'),
	(96,'C','CY52','IJAZAH SARJANA MUDA TEKNOLOGI KEJURUTERAAN MEKANIKAL (SISTEM PENYEJUKAN DAN PENYAMAN UDARA) DENGAN KEPUJIAN',8,'B16','F35'),
	(97,'C','CY53','IJAZAH SARJANA MUDA TEKNOLOGI KEJURUTERAAN MEKANIKAL (TEKNOLOGI PENYELENGGARAAN) DENGAN KEPUJIAN',8,'B16','F35'),
	(98,'C','CY81','IJAZAH SARJANA MUDA TEKNOLOGI KEJURUTERAAN KOMPUTER (SISTEM KOMPUTER) DENGAN KEPUJIAN',8,'B16','F35'),
	(99,'C','CY91','IJAZAH SARJANA MUDA TEKNOLOGI KEJURUTERAAN PEMBUATAN (PROSES DAN TEKNOLOGI) DENGAN KEPUJIAN',8,'B16','F35'),
	(100,'C','CY92','IJAZAH SARJANA MUDA TEKNOLOGI KEJURUTERAAN PEMBUATAN (REKA BENTUK PRODUK) DENGAN KEPUJIAN',8,'B16','F35'),
	(101,'D','DA14','IJAZAH SARJANA MUDA SAINS SOSIAL (ANTROLOPOLOGI DAN DAKWAH) DENGAN KEPUJIAN',8,'B14','F70'),
	(102,'D','DA52','IJAZAH SARJANA MUDA KERJA SOSIAL DENGAN KEPUJIAN',8,'B14','F24'),
	(103,'D','DB00','IJAZAH SARJANA MUDA BAHASA INGGERIS DENGAN KOMUNIKASI (KEPUJIAN)',8,'B01','F04'),
	(104,'D','DB05','IJAZAH SARJANA MUDA PENGAJIAN BAHASA ARAB (DENGAN KEPUJIAN)',8,'B01','F04'),
	(105,'D','DC10','IJAZAH SARJANA MUDA SAINS KOMPUTER (PEMBANGUNAN PERISIAN) DENGAN KEPUJIAN',7,'B05','F41'),
	(106,'D','DC27','IJAZAH SARJANA MUDA SAINS KOMPUTER (KESELAMATAN RANGKAIAN KOMPUTER) DENGAN KEPUJIAN',8,'B05','F41'),
	(107,'D','DC31','IJAZAH SARJANA MUDA SAINS KOMPUTER (KOMPUTERAN INTERNET) DENGAN KEPUJIAN',7,'B05','F41'),
	(108,'D','DE02','IJAZAH SARJANA MUDA PERAKAUNAN DENGAN KEPUJIAN',8,'B02','F78'),
	(109,'D','DE23','IJAZAH SARJANA MUDA PENTADBIRAN PERNIAGAAN (KEWANGAN ISLAM) DENGAN KEPUJIAN',6,'B02','F78'),
	(110,'D','DG47','IJAZAH SARJANA MUDA PRODUKSI DAN KESIHATAN HAIWAN DENGAN KEPUJIAN',8,'B11','F85'),
	(111,'D','DH12','IJAZAH SARJANA MUDA REKABENTUK PERINDUSTRIAN DENGAN KEPUJIAN',8,'B15','F113'),
	(112,'D','DI01','IJAZAH SARJANA MUDA PENGAJIAN ISLAM (USULUDDIN) DENGAN KEPUJIAN',7,'B07','F70'),
	(113,'D','DI02','IJAZAH SARJANA MUDA PENGAJIAN ISLAM (SYARIAH) DENGAN KEPUJIAN',7,'B07','F70'),
	(114,'D','DI07','IJAZAH SARJANA MUDA PENGAJIAN ISLAM (DAKWAH) DENGAN KEPUJIAN',7,'B07','F70'),
	(115,'D','DI13','IJAZAH SARJANA MUDA USULUDDIN DENGAN KAUNSELING DENGAN KEPUJIAN',7,'B07','F70'),
	(116,'D','DI30','IJAZAH SARJANA MUDA AL-QURAN DAN AS-SUNNAH (QIRAAT) DENGAN KEPUJIAN',7,'B07','F24'),
	(117,'D','DL00','IJAZAH SARJANA MUDA UNDANG-UNDANG DENGAN KEPUJIAN',8,'B17','F146'),
	(118,'D','DL06','IJAZAH SARJANA MUDA HUBUNGAN ANTARABANGSA DENGAN KEPUJIAN',8,'B17','F36'),
	(119,'D','DM00','IJAZAH SARJANA MUDA PERUBATAN DAN PEMBEDAHAN#',10,'B12','F89'),
	(120,'D','DM05','IJAZAH SARJANA MUDA DIETETIK (KEPUJIAN)',8,'B12','F89'),
	(121,'D','DP36','IJAZAH SARJANA MUDA PENTADBIRAN PERNIAGAAN (PENGURUSAN RISIKO DAN TAKAFUL) DENGAN KEPUJIAN',8,'B02','F78'),
	(122,'D','DS55','IJAZAH SARJANA MUDA BIOTEKNOLOGI PERTANIAN DENGAN KEPUJIAN',8,'B13','F85'),
	(123,'D','DY01','IJAZAH SARJANA MUDA TEKNOLOGI MAKANAN DENGAN KEPUJIAN',8,'B13','F85'),
	(124,'D','DY92','IJAZAH SARJANA MUDA TEKNOLOGI KEJURUTERAAN PEMBUATAN DENGAN KEPUJIAN (REKA BENTUK PRODUK)',7,'B16','F29'),
	(125,'E','EA06','SARJANA MUDA TEKNOLOGI KREATIF (KEPUJIAN) SKRIN # (TERBUKA KEPADA BUMIPUTERA SAHAJA)',6,'B14','F38'),
	(126,'E','EA27','SARJANA MUDA SENI REKA TEKSTIL (KEPUJIAN ) # (TERBUKA KEPADA BUMIPUTERA SAHAJA)',6,'B14','F139'),
	(127,'E','EA28','SARJANA MUDA SENI REKA LOGAM KONTEMPORARI (KEPUJIAN) # (TERBUKA KEPADA BUMIPUTERA SAHAJA)',6,'B14','F139'),
	(128,'E','EA29','SARJANA MUDA SENI REKA PERINDUSTRIAN (KEPUJIAN) # (TERBUKA KEPADA BUMIPUTERA SAHAJA)',6,'B14','F139'),
	(129,'E','EA30','SARJANA MUDA SERAMIK PERINDUSTRIAN (KEPUJIAN) # (TERBUKA KEPADA BUMIPUTERA SAHAJA)',6,'B14','F139'),
	(130,'E','EA31','SARJANA MUDA FOTOMEDIA KREATIF (KEPUJIAN) # (TERBUKA KEPADA BUMIPUTERA SAHAJA)',6,'B14','F139'),
	(131,'E','EA32','SARJANA MUDA SENI HALUS (KEPUJIAN) # (TERBUKA KEPADA BUMIPUTERA SAHAJA)',6,'B14','F139'),
	(132,'E','EA33','SARJANA MUDA SENI REKA GRAFIK (KEPUJIAN) # (TERBUKA KEPADA BUMIPUTERA SAHAJA)',6,'B14','F139'),
	(133,'E','EA34','SARJANA MUDA SENI REKA FESYEN (KEPUJIAN) # (TERBUKA KEPADA BUMIPUTERA SAHAJA)',6,'B14','F139'),
	(134,'E','EA36','SARJANA MUDA SENI MUZIK KOMPOSISI (KEPUJIAN) # (TERBUKA KEPADA BUMIPUTERA SAHAJA)',6,'B14','F61'),
	(135,'E','EA37','SARJANA MUDA SAINS MAKLUMAT (KEPUJIAN) PENGURUSAN REKOD (TERBUKA KEPADA BUMIPUTERA SAHAJA)',7,'B14','F77'),
	(136,'E','EA38','SARJANA MUDA SAINS MAKLUMAT (KEPUJIAN) PENGURUSAN SISTEM MAKLUMAT (TERBUKA KEPADA BUMIPUTERA SAHAJA)',7,'B14','F77'),
	(137,'E','EA39','SARJANA MUDA SAINS MAKLUMAT (KEPUJIAN) PENGURUSAN PERPUSTAKAAN (TERBUKA KEPADA BUMIPUTERA SAHAJA)',7,'B14','F77'),
	(138,'E','EA40','SARJANA MUDA SAINS MAKLUMAT (KEPUJIAN) PENGURUSAN PUSAT SUMBER (TERBUKA KEPADA BUMIPUTERA SAHAJA)',7,'B14','F77'),
	(139,'E','EA41','SARJANA MUDA SENI MUZIK (KEPUJIAN) PERSEMBAHAN # (TERBUKA KEPADA BUMIPUTERA SAHAJA)',6,'B14','F61'),
	(140,'E','EA53','SARJANA MUDA TEKNOLOGI PERCETAKAN (KEPUJIAN) # (TERBUKA KEPADA BUMIPUTERA SAHAJA)',6,'B14','F139'),
	(141,'E','EA65','SARJANA MUDA TEKNOLOGI KREATIF (KEPUJIAN) PENULISAN ARTISTIK # (TERBUKA KEPADA BUMIPUTERA SAHAJA)',6,'B14','F38'),
	(142,'E','EA66','SARJANA MUDA TEKNOLOGI KREATIF (KEPUJIAN) TEATER # (TERBUKA KEPADA BUMIPUTERA SAHAJA)',6,'B14','F38'),
	(143,'E','EA67','SARJANA MUDA TEKNOLOGI KREATIF (KEPUJIAN) PENGURUSAN INDUSTRI SENI # (TERBUKA KEPADA BUMIPUTERA SAHAJA)',6,'B14','F38'),
	(144,'E','EA68','SARJANA MUDA TEKNOLOGI KREATIF (KEPUJIAN) ANIMASI & TEKNOLOGI SKRIN # (TERBUKA KEPADA BUMIPUTERA SAHAJA)',6,'B14','F38'),
	(145,'E','EA69','SARJANA MUDA PERNIAGAAN MUZIK (KEPUJIAN) # (TERBUKA KEPADA BUMIPUTERA SAHAJA)',6,'B14','F61'),
	(146,'E','EA70','SARJANA MUDA PENGAJIAN BUDAYA VISUAL (KEPUJIAN) # (TERBUKA KEPADA BUMIPUTERA SAHAJA)',6,'B14','F139'),
	(147,'E','EA71','SARJANA MUDA KOMUNIKASI MASSA (KEPUJIAN) # (TERBUKA KEPADA BUMIPUTERA SAHAJA)',6,'B14','F59'),
	(148,'E','EB00','SARJANA MUDA PENGAJIAN BAHASA GUNAAN (KEPUJIAN) BAHASA INGGERIS UNTUK KOMUNIKASI PROFESIONAL (TERBUKA KEPADA BUMIPUTERA SAHAJA)',6,'B01','F01'),
	(149,'E','EB03','SARJANA MUDA PENGAJIAN BAHASA GUNAAN (KEPUJIAN) BAHASA MELAYU UNTUK KOMUNIKASI PROFESIONAL # (TERBUKA KEPADA BUMIPUTERA SAHAJA)',6,'B01','F01'),
	(150,'E','EB05','SARJANA MUDA BAHASA GUNAAN (KEPUJIAN) BAHASA ARAB KOMUNIKASI PROFESIONAL (TERBUKA KEPADA BUMIPUTERA SAHAJA)',6,'B01','F01'),
	(151,'E','EC00','SARJANA MUDA SAINS KOMPUTER (KEPUJIAN) (TERBUKA KEPADA BUMIPUTERA SAHAJA)',7,'B05','F126'),
	(152,'E','EC01','SARJANA MUDA TEKNOLOGI MAKLUMAT (KEPUJIAN) (TERBUKA KEPADA BUMIPUTERA SAHAJA)',7,'B05','F126'),
	(153,'E','EC09','SARJANA MUDA SAINS KOMPUTER (KEPUJIAN) PENGKOMPUTERAN MULTIMEDIA (TERBUKA KEPADA BUMIPUTERA SAHAJA)',7,'B05','F126'),
	(154,'E','EC13','SARJANA MUDA TEKNOLOGI MAKLUMAT (KEPUJIAN) PENGKOMPUTERAN PERNIAGAAN (TERBUKA KEPADA BUMIPUTERA SAHAJA)',7,'B05','F126'),
	(155,'E','EC14','SARJANA MUDA SAINS KOMPUTER (KEPUJIAN) KOMUNIKASI DATA DAN PERANGKAIAN (TERBUKA KEPADA BUMIPUTERA SAHAJA)',7,'B05','F126'),
	(156,'E','EC15','SARJANA MUDA TEKNOLOGI MAKLUMAT (KEPUJIAN) KEJURUTERAAN SISTEM MAKLUMAT (TERBUKA KEPADA BUMIPUTERA SAHAJA)',7,'B05','F126'),
	(157,'E','EC20','SARJANA MUDA TEKNOLOGI MAKLUMAT (KEPUJIAN) KEJURUTERAAN SISTEM PINTAR (TERBUKA KEPADA BUMIPUTERA SAHAJA)',7,'B05','F126'),
	(158,'E','EC23','SARJANA MUDA SAINS KOMPUTER (KEPUJIAN) PENGKOMPUTERAN NETSENTRIK (TERBUKA KEPADA BUMIPUTERA SAHAJA)',7,'B05','F126'),
	(159,'E','ED00','SARJANA MUDA PEMBEDAHAN PERGIGIAN # (TERBUKA KEPADA BUMIPUTERA SAHAJA)',10,'B09','F80'),
	(160,'E','EE02','SARJANA MUDA PERAKAUNAN DENGAN KEPUJIAN (TERBUKA KEPADA BUMIPUTERA SAHAJA)',8,'B02','F79'),
	(161,'E','EE03','SARJANA MUDA PENTADBIRAN PERNIAGAAN DENGAN KEPUJIAN (EKONOMI PERNIAGAAN) (TERBUKA KEPADA BUMIPUTERA SAHAJA)',6,'B02','F72'),
	(162,'E','EE04','SARJANA MUDA PENTADBIRAN PERNIAGAAN DENGAN KEPUJIAN (KEUSAHAWANAN) # (TERBUKA KEPADA BUMIPUTERA SAHAJA)',6,'B02','F72'),
	(163,'E','EE09','SARJANA MUDA PENTADBIRAN PERNIAGAAN DENGAN KEPUJIAN (PERNIAGAAN ANTARABANGSA) (TERBUKA KEPADA BUMIPUTERA SAHAJA)',6,'B02','F72'),
	(164,'E','EE10','SARJANA MUDA PENTADBIRAN PERNIAGAAN DENGAN KEPUJIAN (PEMASARAN) (TERBUKA KEPADA BUMIPUTERA SAHAJA)',6,'B02','F72'),
	(165,'E','EE11','SARJANA MUDA PENTADBIRAN PERNIAGAAN DENGAN KEPUJIAN (PENGURUSAN SUMBER MANUSIA) (TERBUKA KEPADA BUMIPUTERA SAHAJA)',6,'B02','F72'),
	(166,'E','EE12','SARJANA MUDA PENTADBIRAN PERNIAGAAN DENGAN KEPUJIAN (PENGURUSAN PERUNCITAN) (TERBUKA KEPADA BUMIPUTERA SAHAJA)',6,'B02','F72'),
	(167,'E','EE13','SARJANA MUDA PENTADBIRAN PERNIAGAAN DENGAN KEPUJIAN (PENGURUSAN OPERASI) (TERBUKA KEPADA BUMIPUTERA SAHAJA)',6,'B02','F72'),
	(168,'E','EE14','SARJANA MUDA PENTADBIRAN PERNIAGAAN DENGAN KEPUJIAN (KEWANGAN) (TERBUKA KEPADA BUMIPUTERA SAHAJA)',6,'B02','F72'),
	(169,'E','EE15','SARJANA MUDA PENTADBIRAN PERNIAGAAN DENGAN KEPUJIAN (INSURANS) (TERBUKA KEPADA BUMIPUTERA SAHAJA)',6,'B02','F72'),
	(170,'E','EE23','SARJANA MUDA PENTADBIRAN PERNIAGAAN DENGAN KEPUJIAN (PERBANKAN ISLAM) (TERBUKA KEPADA BUMIPUTERA SAHAJA)',6,'B02','F72'),
	(171,'E','EE24','SARJANA MUDA PENTADBIRAN PERNIAGAAN DENGAN KEPUJIAN (PENGANGKUTAN) (TERBUKA KEPADA BUMIPUTERA SAHAJA)',6,'B02','F72'),
	(172,'E','EE27','SARJANA MUDA PENTADBIRAN PERNIAGAAN DENGAN KEPUJIAN (PENGURUSAN PELABURAN) (TERBUKA KEPADA BUMIPUTERA SAHAJA)',6,'B02','F72'),
	(173,'E','EF00','SARJANA MUDA FARMASI (KEPUJIAN) (TERBUKA KEPADA BUMIPUTERA SAHAJA)',8,'B03','F37'),
	(174,'E','EH00','SARJANA MUDA SAINS (KEPUJIAN) SENIBINA # (TERBUKA KEPADA BUMIPUTERA SAHAJA)',8,'B15','F137'),
	(175,'E','EH02','SARJANA MUDA SENIBINA LANDSKAP (KEPUJIAN) (TERBUKA KEPADA BUMIPUTERA SAHAJA)',8,'B15','F137'),
	(176,'E','EH04','SARJANA MUDA PERANCANGAN BANDAR DAN WILAYAH DENGAN KEPUJIAN # (TERBUKA KEPADA BUMIPUTERA SAHAJA)',8,'B15','F137'),
	(177,'E','EH05','SARJANA MUDA UKUR BANGUNAN DENGAN KEPUJIAN (TERBUKA KEPADA BUMIPUTERA SAHAJA)',6,'B15','F137'),
	(178,'E','EH06','SARJANA MUDA UKUR BAHAN DENGAN KEPUJIAN (TERBUKA KEPADA BUMIPUTERA SAHAJA)',6,'B15','F137'),
	(179,'E','EH07','SARJANA MUDA PENGURUSAN HARTANAH DENGAN KEPUJIAN (TERBUKA KEPADA BUMIPUTERA SAHAJA)',6,'B15','F137'),
	(180,'E','EH08','SARJANA MUDA SAINS (KEPUJIAN) PENGURUSAN PEMBINAAN (TERBUKA KEPADA BUMIPUTERA SAHAJA)',7,'B15','F137'),
	(181,'E','EH09','SARJANA MUDA SAINS UKUR DAN GEOMATIK DENGAN KEPUJIAN (TERBUKA KEPADA BUMIPUTERA SAHAJA)',7,'B15','F137'),
	(182,'E','EH10','SARJANA MUDA SENIBINA DALAMAN (KEPUJIAN) # (TERBUKA KEPADA BUMIPUTERA SAHAJA)',8,'B15','F137'),
	(183,'E','EH14','SARJANA MUDA PENGURUSAN TAMAN DAN AMENITI DENGAN KEPUJIAN (TERBUKA KEPADA BUMIPUTERA SAHAJA)',6,'B15','F137'),
	(184,'E','EI12','SARJANA MUDA MUAMALAT (KEPUJIAN) (TERBUKA KEPADA BUMIPUTERA SAHAJA)',7,'B07','F02'),
	(185,'E','EK00','SARJANA MUDA KEJURUTERAAN (KIMIA) KEPUJIAN (TERBUKA KEPADA BUMIPUTERA SAHAJA)',8,'B04','F50'),
	(186,'E','EK01','SARJANA MUDA (KEPUJIAN) KEJURUTERAAN AWAM (TERBUKA KEPADA BUMIPUTERA SAHAJA)',8,'B04','F44'),
	(187,'E','EK02','SARJANA MUDA KEJURUTERAAN (KEPUJIAN) ELEKTRIK (TERBUKA KEPADA BUMIPUTERA SAHAJA)',8,'B04','F48'),
	(188,'E','EK08','SARJANA MUDA KEJURUTERAAN DENGAN KEPUJIAN MEKANIKAL (TERBUKA KEPADA BUMIPUTERA SAHAJA)',8,'B04','F51'),
	(189,'E','EK09','SARJANA MUDA KEJURUTERAAN MEKANIKAL (PEMBUATAN) (KEPUJIAN) (TERBUKA KEPADA BUMIPUTERA SAHAJA)',8,'B04','F51'),
	(190,'E','EK33','SARJANA MUDA KEJURUTERAAN (KEPUJIAN) KIMIA DENGAN PERSEKITARAN (TERBUKA KEPADA BUMIPUTERA SAHAJA)',8,'B04','F50'),
	(191,'E','EK64','SARJANA MUDA KEJURUTERAAN (KEPUJIAN) KIMIA DAN PROSES (TERBUKA KEPADA BUMIPUTERA SAHAJA)',8,'B04','F50'),
	(192,'E','EK86','SARJANA MUDA KEJURUTERAAN (KEPUJIAN) ELEKTRONIK (TERBUKA KEPADA BUMIPUTERA SAHAJA)',8,'B04','F48'),
	(193,'E','EK88','SARJANA MUDA KEJURUTERAAN (MINYAK DAN GAS) KEPUJIAN (TERBUKA KEPADA BUMIPUTERA SAHAJA)',8,'B04','F50'),
	(194,'E','EK93','SARJANA MUDA KEJURUTERAAN (KEPUJIAN) KIMIA DAN BIOPROSES (TERBUKA KEPADA BUMIPUTERA SAHAJA)',8,'B04','F50'),
	(195,'E','EL00','SARJANA MUDA PENGAJIAN UNDANG-UNDANG (KEPUJIAN) # (TERBUKA KEPADA BUMIPUTERA SAHAJA)',8,'B17','F145'),
	(196,'E','EL02','SARJANA MUDA PENTADBIRAN KORPORAT DENGAN KEPUJIAN (TERBUKA KEPADA BUMIPUTERA SAHAJA)',8,'B17','F130'),
	(197,'E','EL04','SARJANA MUDA SAINS PENTADBIRAN (KEPUJIAN) (TERBUKA KEPADA BUMIPUTERA SAHAJA)',6,'B17','F130'),
	(198,'E','EM00','SARJANA MUDA PERUBATAN DAN SARJANA MUDA PEMBEDAHAN (TERBUKA KEPADA BUMIPUTERA SAHAJA)',10,'B12','F87'),
	(199,'E','EM04','SARJANA MUDA OPTOMETRI (KEPUJIAN) (TERBUKA KEPADA BUMIPUTERA SAHAJA)',8,'B12','F123'),
	(200,'E','EM05','SARJANA MUDA DIETETIK (KEPUJIAN) (TERBUKA KEPADA BUMIPUTERA SAHAJA)',8,'B12','F123'),
	(201,'E','EM10','SARJANA MUDA KESIHATAN DAN KESELAMATAN PERSEKITARAN (KEPUJIAN) (TERBUKA KEPADA BUMIPUTERA SAHAJA)',8,'B12','F123'),
	(202,'E','EM12','SARJANA MUDA KEJURURAWATAN (KEPUJIAN) (TERBUKA KEPADA BUMIPUTERA SAHAJA)',8,'B12','F123'),
	(203,'E','EM13','SARJANA MUDA PENGIMEJAN PERUBATAN (KEPUJIAN) (TERBUKA KEPADA BUMIPUTERA SAHAJA)',8,'B12','F123'),
	(204,'E','EM14','SARJANA MUDA FISIOTERAPI (KEPUJIAN) (TERBUKA KEPADA BUMIPUTERA SAHAJA)',8,'B12','F123'),
	(205,'E','EM15','SARJANA MUDA PEMULIHAN CARAKERJA (KEPUJIAN) (TERBUKA KEPADA BUMIPUTERA SAHAJA)',8,'B12','F123'),
	(206,'E','EM19','SARJANA MUDA TEKNOLOGI MAKMAL PERUBATAN (KEPUJIAN) (TERBUKA KEPADA BUMIPUTERA SAHAJA)',8,'B12','F123'),
	(207,'E','EP08','SARJANA MUDA SAINS (KEPUJIAN) PENGURUSAN PELANCONGAN (TERBUKA KEPADA BUMIPUTERA SAHAJA)',6,'B08','F76'),
	(208,'E','EP13','SARJANA MUDA SAINS (KEPUJIAN) PENGURUSAN HOTEL (TERBUKA KEPADA BUMIPUTERA SAHAJA)',6,'B08','F76'),
	(209,'E','EP14','SARJANA MUDA SAINS (KEPUJIAN) PENGURUSAN PERKHIDMATAN MAKANAN (TERBUKA KEPADA BUMIPUTERA SAHAJA)',6,'B08','F76'),
	(210,'E','EP26','SARJANA MUDA PENGURUSAN SISTEM PEJABAT (KEPUJIAN) (TERBUKA KEPADA BUMIPUTERA SAHAJA)',6,'B08','F72'),
	(211,'E','EP40','SARJANA MUDA PENGURUSAN MAJLIS (KEPUJIAN) (TERBUKA KEPADA BUMIPUTERA SAHAJA)',6,'B08','F72'),
	(212,'E','EP41','SARJANA MUDA PENGURUSAN PERKHIDMATAN PELANGGAN (KEPUJIAN) (TERBUKA KEPADA BUMIPUTERA SAHAJA)',6,'B08','F72'),
	(213,'E','EP42','SARJANA MUDA PENTADBIRAN KESIHATAN (KEPUJIAN) (TERBUKA KEPADA BUMIPUTERA SAHAJA)',6,'B08','F72'),
	(214,'E','EP44','SARJANA MUDA SAINS (KEPUJIAN) PENGURUSAN SENI KULINARI (TERBUKA KEPADA BUMIPUTERA SAHAJA)',8,'B08','F76'),
	(215,'E','ES02','SARJANA MUDA SAINS DENGAN KEPUJIAN (BIOLOGI) (TERBUKA KEPADA BUMIPUTERA SAHAJA)',6,'B13','F121'),
	(216,'E','ES08','SARJANA MUDA SAINS (KEPUJIAN) MATEMATIK (TERBUKA KEPADA BUMIPUTERA SAHAJA)',7,'B13','F126'),
	(217,'E','ES09','SARJANA MUDA SAINS (KEPUJIAN) STATISTIK (TERBUKA KEPADA BUMIPUTERA SAHAJA)',7,'B13','F126'),
	(218,'E','ES10','SARJANA MUDA SAINS (KEPUJIAN) SAINS AKTUARI (TERBUKA KEPADA BUMIPUTERA SAHAJA)',7,'B13','F126'),
	(219,'E','ES15','SARJANA MUDA SAINS DENGAN KEPUJIAN (FIZIK) (TERBUKA KEPADA BUMIPUTERA SAHAJA)',6,'B11','F121'),
	(220,'E','ES20','SARJANA MUDA SAINS SUKAN (KEPUJIAN) # (TERBUKA KEPADA BUMIPUTERA SAHAJA)',6,'B14','F135'),
	(221,'E','ES28','SARJANA MUDA SAINS DENGAN KEPUJIAN (KIMIA) (TERBUKA KEPADA BUMIPUTERA SAHAJA)',6,'B11','F121'),
	(222,'E','ES32','SARJANA MUDA SAINS (KEPUJIAN) FIZIK INDUSTRI (TERBUKA KEPADA BUMIPUTERA SAHAJA)',6,'B11','F121'),
	(223,'E','ES40','SARJANA MUDA SAINS (KEPUJIAN) TEKNOLOGI MARIN # (TERBUKA KEPADA BUMIPUTERA SAHAJA)',6,'B11','F121'),
	(224,'E','ES57','SARJANA MUDA SAINS DENGAN KEPUJIAN (TEKNOLOGI DAN PENGURUSAN PERLADANGAN) (TERBUKA KEPADA BUMIPUTERA SAHAJA)',6,'B11','F82'),
	(225,'E','ES58','SARJANA MUDA SAINS (KEPUJIAN) TEKNOLOGI POLIMER (TERBUKA KEPADA BUMIPUTERA SAHAJA)',6,'B11','F121'),
	(226,'E','ES59','SARJANA MUDA SAINS (KEPUJIAN) KIMIA GUNAAN (TERBUKA KEPADA BUMIPUTERA SAHAJA)',6,'B11','F121'),
	(227,'E','ES60','SARJANA MUDA SAINS (KEPUJIAN) SAINS DAN TEKNOLOGI MAKANAN (TERBUKA KEPADA BUMIPUTERA SAHAJA)',8,'B11','F121'),
	(228,'E','ES61','SARJANA MUDA SAINS (KEPUJIAN) TEKNOLOGI PERABOT (TERBUKA KEPADA BUMIPUTERA SAHAJA)',6,'B11','F121'),
	(229,'E','ES62','SARJANA MUDA SAINS (KEPUJIAN) (TEKNOLOGI TEKSTIL) (TERBUKA KEPADA BUMIPUTERA SAHAJA)',6,'B11','F121'),
	(230,'E','ES63','SARJANA MUDA SAINS DENGAN KEPUJIAN (TEKNOLOGI PERSEKITARAN) (TERBUKA KEPADA BUMIPUTERA SAHAJA)',6,'B11','F121'),
	(231,'E','ES64','SARJANA MUDA SAINS DENGAN KEPUJIAN (TEKNOLOGI BAHAN) (TERBUKA KEPADA BUMIPUTERA SAHAJA)',6,'B11','F121'),
	(232,'E','ES66','SARJANA MUDA SAINS DENGAN KEPUJIAN (TEKNOLOGI BIO-KOMPOSIT) (TERBUKA KEPADA BUMIPUTERA SAHAJA)',6,'B11','F121'),
	(233,'E','ES69','SARJANA MUDA SAINS (KEPUJIAN) MATEMATIK PENGURUSAN (TERBUKA KEPADA BUMIPUTERA SAHAJA)',7,'B13','F126'),
	(234,'E','ES70','SARJANA MUDA SAINS (KEPUJIAN) KIMIA (ANALISIS FORENSIK) (TERBUKA KEPADA BUMIPUTERA SAHAJA)',6,'B11','F121'),
	(235,'E','ES71','SARJANA MUDA SAINS (KEPUJIAN) BIOMOLEKUL (TERBUKA KEPADA BUMIPUTERA SAHAJA)',6,'B11','F121'),
	(236,'E','ES72','SARJANA MUDA SAINS (KEPUJIAN) MATEMATIK PENGKOMPUTERAN (TERBUKA KEPADA BUMIPUTERA SAHAJA)',7,'B13','F126'),
	(237,'E','ES74','SARJANA MUDA PENGURUSAN SUKAN (KEPUJIAN) # (TERBUKA KEPADA BUMIPUTERA SAHAJA)',6,'B14','F135'),
	(238,'E','ET00','SARJANA MUDA PENDIDIKAN DENGAN (KEPUJIAN) PENDIDIKAN SENI DAN SENI REKA # (TERBUKA KEPADA BUMIPUTERA SAHAJA)',8,'B06','F63'),
	(239,'E','ET03','SARJANA MUDA PENDIDIKAN DENGAN (KEPUJIAN) PENDIDIKAN JASMANI DAN KESIHATAN # (TERBUKA KEPADA BUMIPUTERA SAHAJA)',8,'B06','F63'),
	(240,'E','ET06','SARJANA MUDA PENDIDIKAN (KEPUJIAN) PENGAJARAN BAHASA INGGERIS SEBAGAI BAHASA KEDUA # (TERBUKA KEPADA BUMIPUTERA SAHAJA)',8,'B06','F63'),
	(241,'G','GC10','SARJANA MUDA SAINS KOMPUTER (KEJURUTERAAN PERISIAN)',7,'B05','F94'),
	(242,'G','GC28','SARJANA MUDA SAINS KOMPUTER DENGAN INFORMATIK MARITIM',7,'B05','F94'),
	(243,'G','GE00','SARJANA MUDA EKONOMI (SUMBER ALAM)',6,'B02','F107'),
	(244,'G','GE02','SARJANA MUDA PERAKAUNAN',8,'B02','F108'),
	(245,'G','GG09','SARJANA MUDA SAINS MAKANAN (PERKHIDMATAN MAKANAN DAN PEMAKANAN)',8,'B11','F110'),
	(246,'G','GG10','SARJANA MUDA SAINS GUNAAN (PERIKANAN)',6,'B11','F111'),
	(247,'G','GG15','SARJANA MUDA SAINS (SAINS SAMUDERA)',6,'B11','F105'),
	(248,'G','GG27','SARJANA MUDA SAINS AGROTEKNOLOGI (AKUAKULTUR)',6,'B11','F111'),
	(249,'G','GG31','SARJANA MUDA SAINS AGROTEKNOLOGI (TEKNOLOGI LEPAS TUAI)',6,'B11','F110'),
	(250,'G','GG34','SARJANA MUDA SAINS AGROTEKNOLOGI (SAINS TANAMAN)',8,'B10','F110'),
	(251,'G','GG37','SARJANA MUDA SAINS GUNAAN (TEKNOLOGI MARITIM)',8,'B11','F99'),
	(252,'G','GP04','SARJANA MUDA KAUNSELING',8,'B08','F107'),
	(253,'G','GP08','SARJANA MUDA PENGURUSAN (PELANCONGAN)',6,'B08','F108'),
	(254,'G','GP18','SARJANA MUDA PENGURUSAN(MARITIM)',7,'B08','F108'),
	(255,'G','GP22','SARJANA MUDA PENGURUSAN (PEMASARAN)',6,'B08','F108'),
	(256,'G','GP31','SARJANA MUDA PENGURUSAN(POLISI DAN SEKITARAN SOSIAL)',6,'B08','F107'),
	(257,'G','GS02','SARJANA MUDA SAINS (SAINS BIOLOGI)',6,'B13','F109'),
	(258,'G','GS03','SARJANA MUDA SAINS GUNAAN (PEMULIHARAAN DAN PENGURUSAN BIODIVERSITI)',6,'B13','F105'),
	(259,'G','GS04','SARJANA MUDA SAINS MAKANAN (TEKNOLOGI MAKANAN)',8,'B13','F110'),
	(260,'G','GS08','SARJANA MUDA SAINS (MATEMATIK KOMPUTASI)',6,'B13','F94'),
	(261,'G','GS15','SARJANA MUDA SAINS GUNAAN (FIZIK ELEKTRONIK DAN INSTRUMENTASI)',6,'B13','F99'),
	(262,'G','GS28','SARJANA MUDA SAINS (SAINS KIMIA)',6,'B13','F109'),
	(263,'G','GS40','SARJANA MUDA SAINS (BIOLOGI MARIN)',6,'B13','F105'),
	(264,'G','GS43','SARJANA MUDA SAINS (MATEMATIK KEWANGAN)',6,'B13','F94'),
	(265,'G','GS44','SARJANA MUDA SAINS (KIMIA ANALISIS DAN PERSEKITARAN)',6,'B13','F105'),
	(266,'G','GS68','SARJANA MUDA SAINS (SAINS NAUTIKA DAN PENGANGKUTAN MARITIM) #',8,'B13','F108'),
	(267,'G','GY06','SARJANA MUDA TEKNOLOGI (ALAM SEKITAR)',8,'B16','F99'),
	(268,'H','HA02','KOMUNIKASI',6,'B14','F54'),
	(269,'H','HA05','PENGAJIAN SENI MUZIK#',6,'B14','F54'),
	(270,'H','HA11','PENGAJIAN SENI KREATIF#',6,'B14','F54'),
	(271,'H','HA12','HUBUNGAN INDUSTRI',6,'B14','F54'),
	(272,'H','HA13','PSIKOLOGI INDUSTRI DAN ORGANISASI#',6,'B14','F91'),
	(273,'H','HA14','SOSIOLOGI DAN ANTROPOLOGI SOSIAL',6,'B14','F54'),
	(274,'H','HA15','HUBUNGAN ANTARABANGSA',6,'B14','F54'),
	(275,'H','HA16','PEMBANGUNAN BELIA DAN KOMUNITI#',6,'B14','F91'),
	(276,'H','HA18','GEOGRAFI',6,'B14','F54'),
	(277,'H','HA19','PSIKOLOGI KAUNSELING#',8,'B14','F91'),
	(278,'H','HA20','PSIKOLOGI KANAK-KANAK DAN KELUARGA#',6,'B14','F91'),
	(279,'H','HA24','SEJARAH',6,'B14','F54'),
	(280,'H','HA32','TEKNOLOGI SENI VISUAL#',6,'B14','F54'),
	(281,'H','HA52','KERJA SOSIAL#',6,'B14','F91'),
	(282,'H','HC00','KEJURUTERAAN PERISIAN',8,'B05','F58'),
	(283,'H','HC05','KEJURUTERAAN RANGKAIAN',8,'B05','F58'),
	(284,'H','HC12','TEKNOLOGI MULTIMEDIA',8,'B05','F58'),
	(285,'H','HC13','E-DAGANG',8,'B05','F58'),
	(286,'H','HE02','PERAKAUNAN',8,'B02','F83'),
	(287,'H','HE04','KEUSAHAWANAN',6,'B02','F83'),
	(288,'H','HE05','EKONOMI PERANCANGAN DAN PEMBANGUNAN',6,'B02','F83'),
	(289,'H','HE06','PENGURUSAN KEWANGAN DAN PERBANKAN',6,'B02','F83'),
	(290,'H','HE07','EKONOMI KEWANGAN',6,'B02','F83'),
	(291,'H','HE08','PENGURUSAN PERHOTELAN',6,'B02','F83'),
	(292,'H','HE09','PERNIAGAAN ANTARABANGSA',6,'B02','F83'),
	(293,'H','HE10','PEMASARAN',6,'B02','F83'),
	(294,'H','HE11','EKONOMI SUMBER MANUSIA',6,'B02','F83'),
	(295,'H','HE19','KEWANGAN ANTARABANGSA',6,'B02','F57'),
	(296,'H','HE20','PERBANKAN ANTARABANGSA DAN LUAR PESISIR',6,'B02','F57'),
	(297,'H','HE21','PEMASARAN ANTARABANGSA',6,'B02','F57'),
	(298,'H','HE22','EKONOMI KEWANGAN ANTARABANGSA',6,'B02','F57'),
	(299,'H','HE23','KEWANGAN ISLAM',6,'B02','F57'),
	(300,'H','HG07','BIOTEKNOLOGI',6,'B11','F116'),
	(301,'H','HG09','PERKHIDMATAN MAKANAN',8,'B13','F129'),
	(302,'H','HG19','PERHUTANAN TROPIKA ANTARABANGSA',8,'B11','F116'),
	(303,'H','HG20','TAMAN ALAM SEMULAJADI DAN REKREASI',8,'B11','F116'),
	(304,'H','HG23','PERLADANGAN HUTAN DAN PERHUTANI',8,'B11','F116'),
	(305,'H','HG34','PENGELUARAN TANAMAN',8,'B11','F86'),
	(306,'H','HG35','HORTIKULTUR DAN LANSKAP',8,'B11','F86'),
	(307,'H','HG36','PENGELUARAN TERNAKAN',8,'B11','F86'),
	(308,'H','HK01','KEJURUTERAAN AWAM',8,'B04','F43'),
	(309,'H','HK02','KEJURUTERAAN ELEKTRIK & ELEKTRONIK',8,'B04','F43'),
	(310,'H','HK03','KEJURUTERAAN KIMIA',8,'B04','F43'),
	(311,'H','HK08','KEJURUTERAAN MEKANIKAL',8,'B04','F43'),
	(312,'H','HK20','KEJURUTERAAN KOMPUTER',8,'B04','F43'),
	(313,'H','HM00','DOKTOR PERUBATAN#',10,'B12','F89'),
	(314,'H','HP08','PENGURUSAN PELANCONGAN#',6,'B08','F83'),
	(315,'H','HS03','BIOLOGI PEMULIHARAAN',6,'B13','F116'),
	(316,'H','HS04','SAINS MAKANAN DAN PEMAKANAN',8,'B13','F129'),
	(317,'H','HS07','KIMIA INDUSTRI',6,'B13','F116'),
	(318,'H','HS08','MATEMATIK DENGAN EKONOMI',6,'B13','F116'),
	(319,'H','HS09','MATEMATIK DENGAN KOMPUTER GRAFIK',6,'B13','F116'),
	(320,'H','HS11','SAINS SEKITARAN',6,'B13','F116'),
	(321,'H','HS20','SAINS SUKAN#',6,'B13','F91'),
	(322,'H','HS21','GEOLOGI',6,'B13','F116'),
	(323,'H','HS22','FIZIK DENGAN ELEKTRONIK',6,'B13','F116'),
	(324,'H','HS27','AKUAKULTUR',6,'B13','F116'),
	(325,'H','HS40','SAINS MARIN',6,'B13','F116'),
	(326,'H','HT06','PENDIDIKAN DENGAN TESL#',8,'B06','F91'),
	(327,'H','HY07','TEKNOLOGI MAKANAN DAN BIOPROSES',8,'B16','F129'),
	(328,'H','HY11','TEKNOLOGI DAN INDUSTRI KAYU',8,'B16','F116'),
	(329,'J','JC10','IJAZAH SARJANA MUDA SAINS KOMPUTER (KEJURUTERAAN PERISIAN) DENGAN KEPUJIAN',8,'B05','F34'),
	(330,'J','JC11','IJAZAH SARJANA MUDA SAINS KOMPUTER (SISTEM KOMPUTER & RANGKAIAN) DENGAN KEPUJIAN',8,'B05','F34'),
	(331,'J','JC24','IJAZAH SARJANA MUDA SAINS KOMPUTER (TEKNOLOGI GRAFIK & MULTIMEDIA) DENGAN KEPUJIAN',8,'B05','F34'),
	(332,'J','JG04','IJAZAH SARJANA MUDA SAINS GUNAAN (KEPUJIAN) KIMIA INDUSTRI',8,'B11','F31'),
	(333,'J','JG44','IJAZAH SARJANA MUDA SAINS GUNAAN (KEPUJIAN) BIOTEKNOLOGI INDUSTRI',8,'B11','F31'),
	(334,'J','JG47','IJAZAH SARJANA MUDA SAINS GUNAAN (KEPUJIAN) TEKNOLOGI BAHAN',8,'B11','F31'),
	(335,'J','JK01','IJAZAH SARJANA MUDA (KEPUJIAN) KEJURUTERAAN AWAM',8,'B04','F16'),
	(336,'J','JK02','IJAZAH SARJANA MUDA (KEPUJIAN) KEJURUTERAAN ELEKTRIK (ELEKTRONIK)',8,'B04','F18'),
	(337,'J','JK03','IJAZAH SARJANA MUDA (KEPUJIAN) KEJURUTERAAN KIMIA',8,'B04','F20'),
	(338,'J','JK08','IJAZAH SARJANA MUDA (KEPUJIAN) KEJURUTERAAN MEKANIKAL',8,'B04','F21'),
	(339,'J','JK09','IJAZAH SARJANA MUDA (KEPUJIAN) KEJURUTERAAN PEMBUATAN',8,'B04','F23'),
	(340,'J','JK21','IJAZAH SARJANA MUDA (KEPUJIAN) KEJURUTERAAN ELEKTRIK (SISTEM KUASA)',8,'B04','F18'),
	(341,'J','JK24','IJAZAH SARJANA MUDA (KEPUJIAN) KEJURUTERAAN MEKATRONIK',8,'B04','F23'),
	(342,'J','JK25','IJAZAH SARJANA MUDA (KEPUJIAN) KEJURUTERAAN MEKATRONIK (PROGRAM KERJASAMA DENGAN KARLSRUHE UNIVERSITY OF APPLIED SCIENCES (HSKA), JERMAN)',9,'B04','F23'),
	(343,'J','JK40','IJAZAH SARJANA MUDA (KEPUJIAN) KEJURUTERAAN MEKANIKAL (AUTOMOTIF)',8,'B04','F21'),
	(344,'J','JK71','IJAZAH SARJANA MUDA (KEPUJIAN) KEJURUTERAAN AUTOMOTIF (PROGRAM KERJASAMA DENGAN KARLSRUHE UNIVERSITY OF APPLIED SCIENCES, JERMAN)',9,'B04','F21'),
	(345,'J','JP45','IJAZAH SARJANA MUDA PENGURUSAN PROJEK DENGAN KEPUJIAN',8,'B08','F26'),
	(346,'J','JP46','IJAZAH SARJANA MUDA KESELAMATAN DAN KESIHATAN PEKERJAAN DENGAN KEPUJIAN',8,'B08','F35'),
	(347,'J','JP47','IJAZAH SARJANA MUDA PENGURUSAN TEKNOLOGI INDUSTRI DENGAN KEPUJIAN',8,'B08','F26'),
	(348,'J','JP52','IJAZAH SARJANA MUDA KEJURUTERAAN PERNIAGAAN DENGAN KEPUJIAN (DENGAN KERJASAMA REUTLINGEN UNIVERSITY, JERMAN)',8,'B08','F26'),
	(349,'J','JY30','IJAZAH SARJANA MUDA TEKNOLOGI KEJURUTERAAN (ELEKTRIKAL) DENGAN KEPUJIAN',8,'B16','F35'),
	(350,'J','JY56','IJAZAH SARJANA MUDA TEKNOLOGI KEJURUTERAAN (TENAGA & PERSEKITARAN) DENGAN KEPUJIAN',8,'B16','F35'),
	(351,'J','JY60','IJAZAH SARJANA MUDA TEKNOLOGI KEJURUTERAAN (PENGURUSAN INFRASTRUKTUR) DENGAN KEPUJIAN',8,'B16','F35'),
	(352,'J','JY70','IJAZAH SARJANA MUDA TEKNOLOGI KEJURUTERAAN (FARMASEUTIKAL) DENGAN KEPUJIAN',8,'B16','F35'),
	(353,'J','JY90','IJAZAH SARJANA MUDA TEKNOLOGI KEJURUTERAAN ( PEMBUATAN ) DENGAN KEPUJIAN',8,'B16','F35'),
	(354,'K','KA09','IJAZAH SARJANAMUDA SAINS SOSIAL DENGAN KEPUJIAN (SAINS POLITIK)#',6,'B14','F133'),
	(355,'K','KA14','IJAZAH SARJANAMUDA SAINS SOSIAL DENGAN KEPUJIAN (ANTROPOLOGI & SOSIOLOGI)#',6,'B14','F133'),
	(356,'K','KA16','IJAZAH SARJANAMUDA SAINS SOSIAL DENGAN KEPUJIAN (PSIKOLOGI)#',6,'B14','F133'),
	(357,'K','KA17','IJAZAH SARJANAMUDA SASTERA DENGAN KEPUJIAN (PERSURATAN MELAYU)#',6,'B14','F133'),
	(358,'K','KA18','IJAZAH SARJANAMUDA SAINS SOSIAL DENGAN KEPUJIAN (GEOGRAFI)#',6,'B14','F133'),
	(359,'K','KA22','IJAZAH SARJANAMUDA SAINS SOSIAL DENGAN KEPUJIAN (SAINS PEMBANGUNAN)#',6,'B14','F133'),
	(360,'K','KA23','IJAZAH SARJANAMUDA SAINS SOSIAL DENGAN KEPUJIAN (KERJA SOSIAL)#',6,'B14','F133'),
	(361,'K','KA24','IJAZAH SARJANAMUDA SASTERA DENGAN KEPUJIAN (SEJARAH)#',6,'B14','F133'),
	(362,'K','KA47','IJAZAH SARJANAMUDA SAINS SOSIAL DENGAN KEPUJIAN (KOMUNIKASI MEDIA)#',6,'B14','F133'),
	(363,'K','KB00','IJAZAH SARJANAMUDA SASTERA DENGAN KEPUJIAN (PENGAJIAN BAHASA INGGERIS)#',6,'B01','F133'),
	(364,'K','KB03','IJAZAH SARJANAMUDA SAINS SOSIAL DENGAN KEPUJIAN (LINGUISTIK)#',6,'B01','F133'),
	(365,'K','KB06','IJAZAH SARJANAMUDA SASTERA DENGAN KEPUJIAN (PENGAJIAN BAHASA MELAYU)#',6,'B01','F133'),
	(366,'K','KC00','IJAZAH SARJANAMUDA SAINS KOMPUTER DENGAN KEPUJIAN#',8,'B05','F142'),
	(367,'K','KC02','IJAZAH SARJANAMUDA TEKNOLOGI MAKLUMAT DENGAN KEPUJIAN #',8,'B05','F142'),
	(368,'K','KC04','IJAZAH SARJANAMUDA KEJURUTERAAN PERISIAN DENGAN KEPUJIAN (PEMBANGUNAN SISTEM MAKLUMAT)#',8,'B05','F142'),
	(369,'K','KC09','IJAZAH SARJANAMUDA KEJURUTERAAN PERISIAN DENGAN KEPUJIAN (PEMBANGUNAN SISTEM MULTIMEDIA)#',8,'B05','F142'),
	(370,'K','KD00','DOKTOR PERGIGIAN#',10,'B09','F80'),
	(371,'K','KE00','IJAZAH SARJANAMUDA EKONOMI DENGAN KEPUJIAN#',6,'B02','F12'),
	(372,'K','KE04','IJAZAH SARJANAMUDA KEUSAHAWANAN DAN INOVASI DENGAN KEPUJIAN#',6,'B02','F12'),
	(373,'K','KF00','IJAZAH SARJANAMUDA FARMASI DENGAN KEPUJIAN#',8,'B03','F37'),
	(374,'K','KH03','IJAZAH SARJANAMUDA SAINS SENI BINA DENGAN KEPUJIAN #',6,'B15','F47'),
	(375,'K','KI01','IJAZAH SARJANAMUDA PENGAJIAN ISLAM DENGAN KEPUJIAN (USULUDDIN DAN FALSAFAH) #',6,'B07','F69'),
	(376,'K','KI02','IJAZAH SARJANAMUDA PENGAJIAN ISLAM DENGAN KEPUJIAN (SYARIAH)#',6,'B07','F69'),
	(377,'K','KI03','IJAZAH SARJANAMUDA PENGAJIAN ISLAM DENGAN KEPUJIAN (PENGAJIAN ARAB DAN TAMADUN ISLAM)#',6,'B07','F69'),
	(378,'K','KI04','IJAZAH SARJANAMUDA PENGAJIAN ISLAM DENGAN KEPUJIAN (PENGAJIAN DAKWAH DAN KEPIMPINAN)#',6,'B07','F69'),
	(379,'K','KI05','IJAZAH SARJANAMUDA PENGAJIAN ISLAM DENGAN KEPUJIAN (PENGAJIAN AL- QURAN DAN AL-SUNNAH)#',6,'B07','F69'),
	(380,'K','KK01','IJAZAH SARJANAMUDA KEJURUTERAAN DENGAN KEPUJIAN (AWAM & STRUKTUR)#',8,'B04','F47'),
	(381,'K','KK02','IJAZAH SARJANAMUDA KEJURUTERAAN DENGAN KEPUJIAN (ELEKTRIK & ELEKTRONIK)#',8,'B04','F47'),
	(382,'K','KK03','IJAZAH SARJANAMUDA KEJURUTERAAN DENGAN KEPUJIAN (KIMIA)#',8,'B04','F47'),
	(383,'K','KK08','IJAZAH SARJANAMUDA KEJURUTERAAN DENGAN KEPUJIAN (MEKANIKAL)#',8,'B04','F47'),
	(384,'K','KK13','IJAZAH SARJANAMUDA KEJURUTERAAN DENGAN KEPUJIAN (PEMBUATAN)#',8,'B04','F47'),
	(385,'K','KK17','IJAZAH SARJANAMUDA KEJURUTERAAN DENGAN KEPUJIAN (KOMUNIKASI & KOMPUTER)#',8,'B04','F47'),
	(386,'K','KL00','IJAZAH SARJANAMUDA UNDANG-UNDANG DENGAN KEPUJIAN #',8,'B17','F145'),
	(387,'K','KM00','DOKTOR PERUBATAN#',10,'B12','F87'),
	(388,'K','KM03','IJAZAH SARJANAMUDA SAINS BIOPERUBATAN DENGAN KEPUJIAN#',8,'B12','F123'),
	(389,'K','KM04','IJAZAH SARJANAMUDA OPTOMETRI DENGAN KEPUJIAN#',8,'B12','F123'),
	(390,'K','KM05','IJAZAH SARJANAMUDA DIETETIK DENGAN KEPUJIAN#',8,'B12','F123'),
	(391,'K','KM06','IJAZAH SARJANAMUDA SAINS PEMAKANAN DENGAN KEPUJIAN#',8,'B12','F123'),
	(392,'K','KM07','IJAZAH SARJANAMUDA AUDIOLOGI DENGAN KEPUJIAN#',8,'B12','F123'),
	(393,'K','KM08','IJAZAH SARJANAMUDA SAINS PERTUTURAN DENGAN KEPUJIAN #',8,'B12','F123'),
	(394,'K','KM10','IJAZAH SARJANAMUDA KESIHATAN PERSEKITARAN DENGAN KEPUJIAN#',8,'B12','F123'),
	(395,'K','KM11','IJAZAH SARJANAMUDA SAINS FORENSIK DENGAN KEPUJIAN#',8,'B12','F123'),
	(396,'K','KM12','IJAZAH SARJANAMUDA KEJURURAWATAN DENGAN KEPUJIAN#',8,'B12','F87'),
	(397,'K','KM13','IJAZAH SARJANAMUDA PENGIMEJAN DIAGNOSTIK DAN RADIOTERAPI DENGAN KEPUJIAN#',8,'B12','F123'),
	(398,'K','KM14','IJAZAH SARJANAMUDA FISIOTERAPI DENGAN KEPUJIAN#',8,'B12','F123'),
	(399,'K','KM15','IJAZAH SARJANAMUDA TERAPI CARAKERJA DENGAN KEPUJIAN#',8,'B12','F123'),
	(400,'K','KM16','IJAZAH SARJANAMUDA SAINS PERUBATAN KECEMASAN DENGAN KEPUJIAN#',8,'B12','F87'),
	(401,'K','KP03','IJAZAH SARJANAMUDA PENTADBIRAN PERNIAGAAN DENGAN KEPUJIAN#',6,'B08','F12'),
	(402,'K','KS01','IJAZAH SARJANAMUDA SAINS DENGAN KEPUJIAN (SAINS LAUT)#',6,'B13','F117'),
	(403,'K','KS04','IJAZAH SARJANAMUDA SAINS DENGAN KEPUJIAN (SAINS MAKANAN DAN PEMAKANAN)#',8,'B13','F117'),
	(404,'K','KS05','IJAZAH SARJANAMUDA SAINS DENGAN KEPUJIAN (BIOLOGI)#',6,'B13','F117'),
	(405,'K','KS08','IJAZAH SARJANAMUDA SAINS DENGAN KEPUJIAN (MATEMATIK)#',6,'B13','F117'),
	(406,'K','KS09','IJAZAH SARJANAMUDA SAINS DENGAN KEPUJIAN (STATISTIK)#',6,'B13','F117'),
	(407,'K','KS10','IJAZAH SARJANAMUDA SAINS DENGAN KEPUJIAN (SAINS AKTUARI)#',6,'B13','F117'),
	(408,'K','KS11','IJAZAH SARJANAMUDA SAINS DENGAN KEPUJIAN (SAINS SEKITARAN)#',6,'B13','F117'),
	(409,'K','KS15','IJAZAH SARJANAMUDA SAINS DENGAN KEPUJIAN (FIZIK)#',6,'B13','F117'),
	(410,'K','KS16','IJAZAH SARJANAMUDA SAINS DENGAN KEPUJIAN (KIMIA)#',6,'B13','F117'),
	(411,'K','KS17','IJAZAH SARJANAMUDA SAINS DENGAN KEPUJIAN (GEOLOGI)#',6,'B13','F117'),
	(412,'K','KS18','IJAZAH SARJANAMUDA SAINS DENGAN KEPUJIAN (SAINS NUKLEAR)#',6,'B13','F117'),
	(413,'K','KS19','IJAZAH SARJANAMUDA SAINS DENGAN KEPUJIAN (SAINS BAHAN)#',6,'B13','F117'),
	(414,'K','KS21','IJAZAH SARJANAMUDA SAINS DENGAN KEPUJIAN (TEKNOLOGI KIMIA)#',6,'B13','F117'),
	(415,'K','KS26','IJAZAH SARJANAMUDA SAINS DENGAN KEPUJIAN (BIOKIMIA)#',6,'B13','F117'),
	(416,'K','KS27','IJAZAH SARJANAMUDA SAINS DENGAN KEPUJIAN (MIKROBIOLOGI)#',6,'B13','F117'),
	(417,'K','KS53','IJAZAH SARJANAMUDA SAINS DENGAN KEPUJIAN (GENETIK)#',6,'B13','F117'),
	(418,'K','KS55','IJAZAH SARJANAMUDA SAINS DENGAN KEPUJIAN (BIOTEKNOLOGI TUMBUHAN)#',6,'B13','F117'),
	(419,'K','KS65','IJAZAH SARJANAMUDA SAINS DENGAN KEPUJIAN (SAINS MAKANAN DENGAN PENGURUSAN PERNIAGAAN)#',8,'B13','F117'),
	(420,'K','KT03','IJAZAH SARJANAMUDA PENDIDIKAN DENGAN KEPUJIAN (SUKAN DAN REKREASI)#',8,'B06','F63'),
	(421,'K','KT06','IJAZAH SARJANAMUDA PENDIDIKAN DENGAN KEPUJIAN (PENGAJARAN BAHASA INGGERIS SEBAGAI BAHASA KEDUA (TESL))#',8,'B06','F63'),
	(422,'K','KT10','IJAZAH SARJANAMUDA PENDIDIKAN DENGAN KEPUJIAN (PENDIDIKAN KHAS)#',8,'B06','F63'),
	(423,'L','LA32','IJAZAH SARJANA MUDA TEKNOLOGI KREATIF DENGAN KEPUJIAN',8,'B14','F143'),
	(424,'L','LA56','IJAZAH SARJANA MUDA PENGAJIAN WARISAN DENGAN KEPUJIAN',8,'B14','F143'),
	(425,'L','LA73','IJAZAH SARJANA MUDA TEKNOLOGI KREATIF (REKABENTUK PERINDUSTRIAN) DENGAN KEPUJIAN',8,'B14','F143'),
	(426,'L','LA74','IJAZAH SARJANA MUDA TEKNOLOGI KREATIF (TEKSTIL FESYEN) DENGAN KEPUJIAN',8,'B14','F143'),
	(427,'L','LA75','IJAZAH SARJANA MUDA TEKNOLOGI KREATIF (REKA BENTUK KOMUNIKASI) DENGAN KEPUJIAN',8,'B14','F143'),
	(428,'L','LA76','IJAZAH SARJANA MUDA TEKNOLOGI KREATIF (SENI HALUS) DENGAN KEPUJIAN',8,'B14','F143'),
	(429,'L','LA77','IJAZAH SARJANA MUDA SIBEROLOGI (ANIMASI DAN LUDOLOGI) DENGAN KEPUJIAN',8,'B14','F143'),
	(430,'L','LA78','IJAZAH SARJANA MUDA SIBEROLOGI (MEDIA DIGITAL) DENGAN KEPUJIAN',8,'B14','F143'),
	(431,'L','LA79','IJAZAH SARJANA MUDA PENGAJIAN WARISAN (PERMUZIUMAN DAN KONSERVASI) DENGAN KEPUJIAN',8,'B14','F143'),
	(432,'L','LA80','IJAZAH SARJANA MUDA PENGAJIAN WARISAN (KESUSASTERAAN HIBRID) DENGAN KEPUJIAN',8,'B14','F143'),
	(433,'L','LE12','IJAZAH SARJANA MUDA KEUSAHAWANAN (PERUNCITAN) DENGAN KEPUJIAN',8,'B08','F56'),
	(434,'L','LE23','IJAZAH SARJANA MUDA PENTADBIRAN PERNIAGAAN (PERBANKAN DAN KEWANGAN ISLAM) DENGAN KEPUJIAN',8,'B08','F56'),
	(435,'L','LG32','IJAZAH SARJANA MUDA SAINS GUNAAN (SAINS PETERNAKAN) DENGAN KEPUJIAN',8,'B11','F15'),
	(436,'L','LG33','IJAZAH SARJANA MUDA SAINS GUNAAN (AGROTEKNOLOGI) DENGAN KEPUJIAN',8,'B11','F15'),
	(437,'L','LG42','IJAZAH SARJANA MUDA SAINS GUNAAN (SAINS SUMBER ASLI) DENGAN KEPUJIAN',8,'B11','F30'),
	(438,'L','LG43','IJAZAH SARJANA MUDA SAINS GUNAAN (TEKNOLOGI BIOINDUSTRI) DENGAN KEPUJIAN',8,'B11','F15'),
	(439,'L','LG47','IJAZAH SARJANA MUDA SAINS GUNAAN (GEOSAINS) DENGAN KEPUJIAN',8,'B11','F30'),
	(440,'L','LG48','IJAZAH SARJANA MUDA SAINS GUNAAN (SAINS KELESTARIAN) DENGAN KEPUJIAN',8,'B11','F30'),
	(441,'L','LG49','IJAZAH SARJANA MUDA SAINS GUNAAN (TEKNOLOGI PEMBANGUNAN PRODUK) DENGAN KEPUJIAN',8,'B11','F15'),
	(442,'L','LG50','IJAZAH SARJANA MUDA SAINS GUNAAN (TEKNOLOGI BAHAN) DENGAN KEPUJIAN',8,'B11','F30'),
	(443,'L','LG51','IJAZAH SARJANA MUDA SAINS GUNAAN (TEKNOLOGI SUMBER HUTAN) DENGAN KEPUJIAN',8,'B11','F30'),
	(444,'L','LM01','DOKTOR PERUBATAN VETERINAR#',10,'B12','F90'),
	(445,'L','LP35','IJAZAH SARJANA MUDA KEUSAHAWANAN (PERDAGANGAN) DENGAN KEPUJIAN',8,'B08','F56'),
	(446,'L','LP37','IJAZAH SARJANA MUDA KEUSAHAWANAN (LOGISTIK & PERNIAGAAN PENGEDARAN) DENGAN KEPUJIAN',8,'B08','F56'),
	(447,'L','LP38','IJAZAH SARJANA MUDA KEUSAHAWANAN (HOSPITALITI) DENGAN KEPUJIAN',8,'B08','F56'),
	(448,'L','LP42','IJAZAH SARJANA MUDA KEUSAHAWANAN (KEUSAHAWANAN KESIHATAN) DENGAN KEPUJIAN',8,'B08','F56'),
	(449,'L','LP48','IJAZAH SARJANA MUDA KEUSAHAWANAN (PELANCONGAN) DENGAN KEPUJIAN',8,'B08','F56'),
	(450,'P','PA02','BACELOR KOMUNIKASI',7,'B14','F06'),
	(451,'P','PA05','BACELOR MUZIK (PERSEMBAHAN MUZIK)#',8,'B14','F10'),
	(452,'P','PB00','BACELOR SASTERA (BAHASA INGGERIS)',7,'B01','F06'),
	(453,'P','PB03','BACELOR SASTERA (BAHASA DAN LINGUISTIK MELAYU)',7,'B01','F06'),
	(454,'P','PB04','BACELOR SASTERA (BAHASA ASING) PENGKHUSUSAN BAHASA MANDARIN',7,'B01','F06'),
	(455,'P','PB05','BACELOR SASTERA (BAHASA ASING) PENGKHUSUSAN BAHASA ARAB',7,'B01','F06'),
	(456,'P','PB06','BACELOR SASTERA (KESUSASTERAAN MELAYU)',7,'B01','F06'),
	(457,'P','PB07','BACELOR SASTERA (KESUSASTERAAN INGGERIS)',7,'B01','F06'),
	(458,'P','PB08','BACELOR SASTERA (BAHASA ASING) PENGKHUSUSAN BAHASA PERANCIS',7,'B01','F06'),
	(459,'P','PB09','BACELOR SASTERA (BAHASA ASING) PENGKHUSUSAN BAHASA JERMAN',7,'B01','F06'),
	(460,'P','PC04','BACELOR SAINS KOMPUTER PENGKHUSUSAN SISTEM KOMPUTER',8,'B05','F128'),
	(461,'P','PC09','BACELOR SAINS KOMPUTER PENGKHUSUSAN MULTIMEDIA',8,'B05','F128'),
	(462,'P','PC10','BACELOR SAINS KOMPUTER PENGKHUSUSAN KEJURUTERAAN PERISIAN',8,'B05','F128'),
	(463,'P','PC11','BACELOR SAINS KOMPUTER PENGKHUSUSAN RANGKAIAN KOMPUTER',8,'B05','F128'),
	(464,'P','PE00','BACELOR EKONOMI',8,'B02','F12'),
	(465,'P','PE02','BACELOR PERAKAUNAN',8,'B02','F12'),
	(466,'P','PG07','BACELOR SAINS (KEPUJIAN) BIOTEKNOLOGI',8,'B11','F09'),
	(467,'P','PG09','BACELOR SAINS DAN TEKNOLOGI MAKANAN',8,'B11','F118'),
	(468,'P','PG11','BACELOR SAINS PERTANIAN#',8,'B11','F84'),
	(469,'P','PG12','BACELOR SAINS PERHUTANAN',8,'B11','F81'),
	(470,'P','PG14','BACELOR SAINS HORTIKULTUR',8,'B11','F84'),
	(471,'P','PG17','BACELOR SAINS (PENGAJIAN MAKANAN)',8,'B11','F118'),
	(472,'P','PG18','BACELOR SAINS (PENGURUSAN PERKHIDMATAN MAKANAN)',8,'B11','F118'),
	(473,'P','PG27','BACELOR PERTANIAN (AKUAKULTUR)',8,'B11','F84'),
	(474,'P','PG30','BACELOR SAINS BIOINDUSTRI (UPM KAMPUS BINTULU, SARAWAK)',8,'B11','F131'),
	(475,'P','PG32','BACELOR PERTANIAN (SAINS TERNAKAN)',8,'B11','F84'),
	(476,'P','PG46','BACELOR SAINS DAN TEKNOLOGI ALAM SEKITAR',8,'B11','F66'),
	(477,'P','PG47','BACELOR SAINS TAMAN DAN REKREASI',8,'B11','F81'),
	(478,'P','PH02','BACELOR SENI BINA LANDSKAP#',8,'B15','F112'),
	(479,'P','PH03','BACELOR SAINS SENI BINA#',7,'B15','F112'),
	(480,'P','PH12','BACELOR REKA BENTUK (REKA BENTUK PERINDUSTRIAN)#',8,'B15','F112'),
	(481,'P','PK01','BACELOR KEJURUTERAAN (AWAM)',8,'B04','F43'),
	(482,'P','PK02','BACELOR KEJURUTERAAN (ELEKTRIK DAN ELEKTRONIK)',8,'B04','F43'),
	(483,'P','PK03','BACELOR KEJURUTERAAN (KIMIA)',8,'B04','F43'),
	(484,'P','PK05','BACELOR KEJURUTERAAN (PERTANIAN DAN BIOSISTEM)',8,'B04','F43'),
	(485,'P','PK08','BACELOR KEJURUTERAAN (MEKANIKAL)',8,'B04','F43'),
	(486,'P','PK15','BACELOR KEJURUTERAAN (AEROANGKASA)',8,'B04','F43'),
	(487,'P','PK16','BACELOR KEJURUTERAAN (PROSES DAN MAKANAN)',8,'B04','F43'),
	(488,'P','PK17','BACELOR KEJURUTERAAN (SISTEM KOMPUTER DAN KOMUNIKASI)',8,'B04','F43'),
	(489,'P','PM00','DOKTOR PERUBATAN#',10,'B12','F89'),
	(490,'P','PM01','DOKTOR PERUBATAN VETERINAR',10,'B12','F90'),
	(491,'P','PM02','BACELOR SAINS (SAINS BIOPERUBATAN)',8,'B12','F89'),
	(492,'P','PM05','BACELOR SAINS (DIETETIK)#',8,'B12','F89'),
	(493,'P','PM09','BACELOR SAINS (PEMAKANAN DAN KESIHATAN KOMUNITI)',8,'B12','F89'),
	(494,'P','PM10','BACELOR SAINS (KESIHATAN PERSEKITARAN DAN PEKERJAAN)',8,'B12','F89'),
	(495,'P','PM12','BACELOR KEJURURAWATAN#',8,'B12','F89'),
	(496,'P','PP02','BACELOR SAINS (PEMBANGUNAN MANUSIA)',8,'B08','F10'),
	(497,'P','PP05','BACELOR SAINS (PERNIAGAANTANI)',8,'B08','F84'),
	(498,'P','PP06','BACELOR PENTADBIRAN PERNIAGAAN',8,'B08','F12'),
	(499,'P','PP09','BACELOR SAINS (PEMBANGUNAN SUMBER MANUSIA)',8,'B08','F71'),
	(500,'P','PP20','BACELOR PENGAJIAN PENGGUNA',8,'B08','F10'),
	(501,'P','PP33','BACELOR SAINS (PEMBANGUNAN MANUSIA DAN PENGURUSAN)',8,'B08','F10'),
	(502,'P','PP34','BACELOR SAINS (PEMBANGUNAN MANUSIA DAN TEKNOLOGI MAKLUMAT)',8,'B08','F10'),
	(503,'P','PP43','BACELOR PENGURUSAN ALAM SEKITAR',8,'B11','F66'),
	(504,'P','PS02','BACELOR SAINS (KEPUJIAN) MAJOR BIOLOGI',8,'B13','F114'),
	(505,'P','PS08','BACELOR SAINS (KEPUJIAN) MAJOR MATEMATIK',8,'B13','F114'),
	(506,'P','PS09','BACELOR SAINS (KEPUJIAN) MAJOR STATISTIK',8,'B13','F114'),
	(507,'P','PS15','BACELOR SAINS (KEPUJIAN) MAJOR FIZIK',8,'B13','F114'),
	(508,'P','PS26','BACELOR SAINS (KEPUJIAN) BIOKIMIA',8,'B13','F09'),
	(509,'P','PS27','BACELOR SAINS (KEPUJIAN) MIKROBIOLOGI',8,'B13','F09'),
	(510,'P','PS28','BACELOR SAINS (KEPUJIAN) MAJOR KIMIA',8,'B13','F114'),
	(511,'P','PS29','BACELOR SAINS (KEPUJIAN) MAJOR KIMIA PERINDUSTRIAN',8,'B13','F114'),
	(512,'P','PS30','BACELOR SAINS (KEPUJIAN) MAJOR KIMIA PETROLEUM',8,'B13','F114'),
	(513,'P','PS36','BACELOR SAINS (KEPUJIAN) MAJOR SAINS BAHAN',8,'B13','F114'),
	(514,'P','PS37','BACELOR SAINS (KEPUJIAN) MAJOR SAINS INSTRUMENTASI',8,'B13','F114'),
	(515,'P','PS71','BACELOR SAINS (KEPUJIAN) BIOLOGI SEL DAN MOLEKUL',8,'B13','F09'),
	(516,'P','PT03','BACELOR PENDIDIKAN (PENDIDIKAN JASMANI)#',8,'B06','F71'),
	(517,'P','PT05','BACELOR PENDIDIKAN (PENGAJARAN BAHASA MALAYSIA SEBAGAI BAHASA PERTAMA)#',8,'B06','F71'),
	(518,'P','PT06','BACELOR PENDIDIKAN (PENGAJARAN BAHASA INGGERIS SEBAGAI BAHASA KEDUA)#',8,'B06','F71'),
	(519,'P','PT07','BACELOR PENDIDIKAN (SAINS RUMAHTANGGA)#',8,'B06','F71'),
	(520,'P','PT09','BACELOR PENDIDIKAN (SAINS PERTANIAN)#',8,'B06','F71'),
	(521,'P','PY11','BACELOR SAINS TEKNOLOGI KAYU',8,'B16','F81'),
	(522,'Q','QA02','SARJANA MUDA KOMUNIKASI DENGAN KEPUJIAN',8,'B14','F55'),
	(523,'Q','QA19','SARJANA MUDA KAUNSELING DENGAN KEPUJIAN',8,'B14','F55'),
	(524,'Q','QB05','SARJANA MUDA BAHASA ARAB DAN KOMUNIKASI DENGAN KEPUJIAN',8,'B01','F67'),
	(525,'Q','QC13','SARJANA MUDA SAINS KOMPUTER DENGAN KEPUJIAN (KESELAMATAN DAN JAMINAN MAKLUMAT)',8,'B05','F117'),
	(526,'Q','QE02','SARJANA MUDA PERAKAUNAN DENGAN KEPUJIAN',8,'B02','F11'),
	(527,'Q','QE06','SARJANA MUDA PEMASARAN (PERKHIDMATAN KEWANGAN) DENGAN KEPUJIAN',8,'B02','F11'),
	(528,'Q','QE23','SARJANA MUDA PERBANKAN DAN KEWANGAN ISLAM DENGAN KEPUJIAN',8,'B02','F11'),
	(529,'Q','QG00','SARJANA MUDA SAINS DENGAN KEPUJIAN (FIZIK GUNAAN)',8,'B11','F117'),
	(530,'Q','QG07','SARJANA MUDA SAINS DENGAN KEPUJIAN (BIOTEKNOLOGI MAKANAN)',8,'B11','F117'),
	(531,'Q','QH00','SARJANA MUDA SAINS SENI BINA DENGAN KEPUJIAN #',6,'B15','F117'),
	(532,'Q','QI05','SARJANA MUDA PENGAJIAN QURAN DAN SUNNAH DENGAN KEPUJIAN',8,'B07','F73'),
	(533,'Q','QI07','SARJANA MUDA DAKWAH DAN PENGURUSAN ISLAM DENGAN KEPUJIAN',8,'B07','F55'),
	(534,'Q','QI08','SARJANA MUDA FIQH DAN FATWA DENGAN KEPUJIAN',8,'B07','F141'),
	(535,'Q','QI10','SARJANA MUDA PENGAJIAN QURAN DENGAN MULTIMEDIA DENGAN KEPUJIAN',8,'B07','F73'),
	(536,'Q','QI11','SARJANA MUDA PENGAJIAN SUNNAH DENGAN PENGURUSAN MAKLUMAT DENGAN KEPUJIAN',8,'B07','F73'),
	(537,'Q','QI13','SARJANA MUDA PENGAJIAN AKIDAH DAN AGAMA DENGAN KEPUJIAN',8,'B07','F55'),
	(538,'Q','QK86','SARJANA MUDA KEJURUTERAAN DENGAN KEPUJIAN (KEJURUTERAAN ELEKTRONIK)',8,'B04','F117'),
	(539,'Q','QL04','SARJANA MUDA SYARIAH DAN UNDANG-UNDANG DENGAN KEPUJIAN',10,'B17','F141'),
	(540,'Q','QP21','SARJANA MUDA PENTADBIRAN MUAMALAT DENGAN KEPUJIAN',8,'B08','F11'),
	(541,'Q','QP49','SARJANA MUDA PENTADBIRAN DAN HUBUNGAN KORPORAT DENGAN KEPUJIAN',8,'B08','F11'),
	(542,'Q','QS10','SARJANA MUDA SAINS DENGAN KEPUJIAN (SAINS AKTUARI DAN PENGURUSAN RISIKO)',8,'B11','F117'),
	(543,'Q','QS21','SARJANA MUDA SAINS DENGAN KEPUJIAN (TEKNOLOGI KIMIA INDUSTRI)',8,'B11','F117'),
	(544,'Q','QS43','SARJANA MUDA SAINS DENGAN KEPUJIAN (MATEMATIK KEWANGAN)',8,'B11','F117'),
	(545,'R','RA72','SARJANA MUDA KOMUNIKASI MEDIA BAHARU (KEPUJIAN)',6,'B14','F106'),
	(546,'R','RE09','IJAZAH SARJANA MUDA PERNIAGAAN (KEPUJIAN) (PERNIAGAAN ANTARABANGSA)',6,'B08','F95'),
	(547,'R','RK01','IJAZAH SARJANA MUDA KEJURUTERAAN (KEPUJIAN) (KEJURUTERAAN AWAM)',8,'B04','F96'),
	(548,'R','RK05','IJAZAH SARJANA MUDA KEJURUTERAAN (KEPUJIAN) (KEJURUTERAAN MIKROELEKTRONIK)',8,'B04','F102'),
	(549,'R','RK07','IJAZAH SARJANA MUDA KEJURUTERAAN (KEPUJIAN) (KEJURUTERAAN ALAM SEKITAR)',8,'B04','F96'),
	(550,'R','RK08','IJAZAH SARJANA MUDA KEJURUTERAAN (KEPUJIAN) (KEJURUTERAAN MEKANIKAL)',8,'B04','F101'),
	(551,'R','RK12','IJAZAH SARJANA MUDA KEJURUTERAAN (KEPUJIAN) (KEJURUTERAAN BAHAN)',8,'B04','F97'),
	(552,'R','RK13','IJAZAH SARJANA MUDA KEJURUTERAAN (KEPUJIAN) (KEJURUTERAAN PEMBUATAN)',8,'B04','F103'),
	(553,'R','RK20','IJAZAH SARJANA MUDA KEJURUTERAAN (KEPUJIAN) (KEJURUTERAAN KOMPUTER)',8,'B04','F100'),
	(554,'R','RK23','IJAZAH SARJANA MUDA KEJURUTERAAN (KEPUJIAN) (KEJURUTERAAN SISTEM ELEKTRIK)',8,'B04','F104'),
	(555,'R','RK24','IJAZAH SARJANA MUDA KEJURUTERAAN (KEPUJIAN) (KEJURUTERAAN MEKATRONIK)',8,'B04','F101'),
	(556,'R','RK28','IJAZAH SARJANA MUDA KEJURUTERAAN (KEPUJIAN) (KEJURUTERAAN BIOPROSES)',8,'B04','F98'),
	(557,'R','RK32','IJAZAH SARJANA MUDA KEJURUTERAAN (KEPUJIAN) (KEJURUTERAAN POLIMER)',8,'B04','F97'),
	(558,'R','RK45','IJAZAH SARJANA MUDA KEJURUTERAAN (KEPUJIAN) (KEJURUTERAAN ELEKTRONIK INDUSTRI)',8,'B04','F104'),
	(559,'R','RK53','IJAZAH SARJANA MUDA KEJURUTERAAN (KEPUJIAN) (KEJURUTERAAN PERHUBUNGAN)',8,'B04','F100'),
	(560,'R','RK56','IJAZAH SARJANA MUDA KEJURUTERAAN (KEPUJIAN) (KEJURUTERAAN METALURGI)',8,'B04','F97'),
	(561,'R','RK84','IJAZAH SARJANA MUDA KEJURUTERAAN (KEPUJIAN) (KEJURUTERAAN REKABENTUK PRODUK)',8,'B04','F103'),
	(562,'R','RK85','IJAZAH SARJANA MUDA KEJURUTERAAN (KEPUJIAN) (KEJURUTERAAN ELEKTRONIK BIOPERUBATAN)',8,'B04','F101'),
	(563,'R','RK86','IJAZAH SARJANA MUDA KEJURUTERAAN (KEPUJIAN) (KEJURUTERAAN ELEKTRONIK)',8,'B04','F102'),
	(564,'R','RK89','IJAZAH SARJANA MUDA KEJURUTERAAN (KEPUJIAN) (KEJURUTERAAN FOTONIK)',8,'B04','F102'),
	(565,'R','RK90','IJAZAH SARJANA MUDA KEJURUTERAAN (KEPUJIAN) (KEJURUTERAAN BIOSISTEM)',8,'B04','F98'),
	(566,'R','RK93','IJAZAH SARJANA MUDA KEJURUTERAAN (KEPUJIAN) (KEJURUTERAAN RANGKAIAN KOMPUTER)',8,'B04','F100'),
	(567,'R','RK96','IJAZAH SARJANA MUDA KEJURUTERAAN (KEPUJIAN) (KEJURUTERAAN ELEKTRIK SISTEM TENAGA)',8,'B04','F104'),
	(568,'R','RP52','IJAZAH SARJANA MUDA PERNIAGAAN (KEPUJIAN) (KEUSAHAWANAN KEJURUTERAAN)',6,'B08','F95'),
	(569,'R','RY11','SARJANA MUDA TEKNOLOGI KEJURUTERAAN AWAM (KEPUJIAN) (PEMBINAAN)',8,'B16','F35'),
	(570,'R','RY20','SARJANA MUDA TEKNOLOGI KEJURUTERAAN KIMIA (KEPUJIAN) (PROSES KIMIA INDUSTRI)',8,'B16','F35'),
	(571,'R','RY21','IJAZAH SARJANA MUDA TEKNOLOGI KEJURUTERAAN KIMIA (KEPUJIAN) (BIOTEKNOLOGI INDUSTRI)',8,'B16','F35'),
	(572,'R','RY31','SARJANA MUDA TEKNOLOGI KEJURUTERAAN ELEKTRIK (KEPUJIAN) (KUASA INDUSTRI)',8,'B16','F35'),
	(573,'R','RY32','SARJANA MUDA TEKNOLOGI KEJURUTERAAN ELEKTRIK (KEPUJIAN) (TEKNOLOGI ROBOTIK DAN AUTOMASI)',8,'B16','F35'),
	(574,'R','RY40','SARJANA MUDA TEKNOLOGI KEJURUTERAAN ELEKTRONIK (KEPUJIAN) (SISTEM ELEKTRONIK)',8,'B16','F35'),
	(575,'R','RY41','SARJANA MUDA TEKNOLOGI KEJURUTERAAN ELEKTRONIK (KEPUJIAN) (REKABENTUK TELEKOMUNIKASI ELEKTRONIK)',8,'B16','F35'),
	(576,'R','RY43','SARJANA MUDA TEKNOLOGI KEJURUTERAAN ELEKTRONIK (KEPUJIAN) (REKABENTUK RANGKAIAN ELEKTRONIK)',8,'B16','F35'),
	(577,'R','RY44','SARJANA MUDA TEKNOLOGI KEJURUTERAAN ELEKTRONIK (KEPUJIAN) (ELEKTRONIK BERSEPADU)',8,'B16','F35'),
	(578,'R','RY55','SARJANA MUDA TEKNOLOGI KEJURUTERAAN MEKANIKAL (KEPUJIAN) (PEMESINAN)',8,'B16','F35'),
	(579,'R','RY56','SARJANA MUDA TEKNOLOGI KEJURUTERAAN MEKANIKAL (KEPUJIAN) (SISTEM PERTANIAN)',8,'B16','F35'),
	(580,'R','RY57','SARJANA MUDA TEKNOLOGI KEJURUTERAAN MEKANIKAL (KEPUJIAN) (PEMBANGUNAN PRODUK)',8,'B16','F35'),
	(581,'R','RY58','SARJANA MUDA TEKNOLOGI KEJURUTERAAN MEKANIKAL (KEPUJIAN) (PEMPROSESAN BAHAN)',8,'B16','F35'),
	(582,'T','TA13','SARJANA MUDA PSIKOLOGI DENGAN PEMBANGUNAN SUMBER MANUSIA',8,'B14','F75'),
	(583,'T','TC10','SARJANA MUDA SAINS KOMPUTER (KEJURUTERAAN PERISIAN)',8,'B05','F127'),
	(584,'T','TC24','SARJANA MUDA SAINS KOMPUTER (BIOINFORMATIK)',8,'B05','F127'),
	(585,'T','TC27','SARJANA MUDA SAINS KOMPUTER (RANGKAIAN & KESELAMATAN KOMPUTER)',8,'B05','F127'),
	(586,'T','TC29','SARJANA MUDA SAINS KOMPUTER (PERISIAN GRAFIK DAN MULTIMEDIA)',8,'B05','F127'),
	(587,'T','TE02','SARJANA MUDA PERAKAUNAN',8,'B02','F75'),
	(588,'T','TH00','SARJANA MUDA SAINS SENIBINA #',6,'B15','F03'),
	(589,'T','TH02','SARJANA MUDA SENIBINA LANDSKAP',8,'B15','F03'),
	(590,'T','TH04','SARJANA MUDA PERANCANGAN BANDAR DAN WILAYAH',8,'B15','F03'),
	(591,'T','TH06','SARJANA MUDA UKUR BAHAN',8,'B15','F03'),
	(592,'T','TH08','SARJANA MUDA SAINS PEMBINAAN',8,'B15','F03'),
	(593,'T','TH10','SARJANA MUDA KEJURUTERAAN (GEOMATIK)',8,'B15','F39'),
	(594,'T','TK01','SARJANA MUDA KEJURUTERAAN (AWAM)',8,'B04','F44'),
	(595,'T','TK02','SARJANA MUDA KEJURUTERAAN (ELEKTRIK - ELEKTRONIK)',8,'B04','F48'),
	(596,'T','TK03','SARJANA MUDA KEJURUTERAAN (KIMIA)',8,'B04','F50'),
	(597,'T','TK08','SARJANA MUDA KEJURUTERAAN (MEKANIKAL)',8,'B04','F51'),
	(598,'T','TK12','SARJANA MUDA KEJURUTERAAN (MEKANIKAL - BAHAN)',8,'B04','F51'),
	(599,'T','TK13','SARJANA MUDA KEJURUTERAAN (MEKANIKAL - PEMBUATAN)',8,'B04','F51'),
	(600,'T','TK21','SARJANA MUDA KEJURUTERAAN (NUKLEAR)',8,'B04','F53'),
	(601,'T','TK23','SARJANA MUDA KEJURUTERAAN (ELEKTRIK)',8,'B04','F48'),
	(602,'T','TK24','SARJANA MUDA KEJURUTERAAN (ELEKTRIK - MEKATRONIK)',8,'B04','F48'),
	(603,'T','TK27','SARJANA MUDA KEJURUTERAAN (MEKANIKAL - AERONAUTIK)',8,'B04','F51'),
	(604,'T','TK29','SARJANA MUDA KEJURUTERAAN (KIMIA - BIOPROSES)',8,'B04','F50'),
	(605,'T','TK30','SARJANA MUDA KEJURUTERAAN (KIMIA - GAS)',8,'B04','F53'),
	(606,'T','TK31','SARJANA MUDA KEJURUTERAAN (PETROLEUM)',8,'B04','F53'),
	(607,'T','TK40','SARJANA MUDA KEJURUTERAAN (MEKANIKAL - AUTOMOTIF)',8,'B04','F51'),
	(608,'T','TK41','SARJANA MUDA KEJURUTERAAN (MEKANIKAL - INDUSTRI)',8,'B04','F51'),
	(609,'T','TK49','SARJANA MUDA KEJURUTERAAN (BIO - PERUBATAN)',8,'B04','F46'),
	(610,'T','TK79','SARJANA MUDA KEJURUTERAAN PROSES KIMIA',8,'B04','F60'),
	(611,'T','TK97','SARJANA MUDA KEJURUTERAAN SISTEM ELEKTRONIK',8,'B04','F60'),
	(612,'T','TK98','SARJANA MUDA KEJURUTERAAN (SENIBINA KAPAL DAN KEJURUTERAAN LUAR PANTAI)',8,'B04','F51'),
	(613,'T','TK99','SARJANA MUDA KEJURUTERAAN MEKANIKAL KEJITUAN',8,'B04','F60'),
	(614,'T','TP09','SARJANA MUDA SAINS (PEMBANGUNAN SUMBER MANUSIA)',8,'B08','F75'),
	(615,'T','TP16','SARJANA MUDA PENGURUSAN (TEKNOLOGI)',8,'B08','F75'),
	(616,'T','TP22','SARJANA MUDA PENGURUSAN (PEMASARAN)',8,'B08','F75'),
	(617,'T','TP25','SARJANA MUDA SAINS (PENGURUSAN HARTA TANAH)',8,'B08','F45'),
	(618,'T','TP32','SARJANA MUDA SAINS (PENTADBIRAN DAN PEMBANGUNAN TANAH)',8,'B08','F39'),
	(619,'T','TS02','SARJANA MUDA SAINS (BIOLOGI)',8,'B13','F07'),
	(620,'T','TS07','SARJANA MUDA SAINS (KIMIA INDUSTRI)',8,'B13','F114'),
	(621,'T','TS08','SARJANA MUDA SAINS (MATEMATIK)',8,'B13','F114'),
	(622,'T','TS15','SARJANA MUDA SAINS (FIZIK)',8,'B13','F114'),
	(623,'T','TS16','SARJANA MUDA SAINS (KIMIA)',8,'B13','F114'),
	(624,'T','TS31','SARJANA MUDA SAINS (BIOLOGI INDUSTRI)',8,'B13','F07'),
	(625,'T','TS33','SARJANA MUDA SAINS (FIZIK INDUSTRI)',8,'B13','F114'),
	(626,'T','TS34','SARJANA MUDA SAINS (MATEMATIK INDUSTRI)',8,'B13','F114'),
	(627,'T','TS46','SARJANA MUDA SAINS (GEOINFORMATIK)',8,'B13','F39'),
	(628,'T','TS75','SARJANA MUDA SAINS (PENGURUSAN EKUIN) #',8,'B11','F08'),
	(629,'T','TT03','SAINS SERTA PENDIDIKAN (SAINS SUKAN)#',8,'B06','F63'),
	(630,'T','TT06','SAINS SERTA PENDIDIKAN (TESL)#',8,'B06','F63'),
	(631,'T','TT30','PENDIDIKAN (KEJURUTERAAN MEKANIKAL)#',8,'B06','F63'),
	(632,'T','TT31','TEKNOLOGI SERTA PENDIDIKAN (KEMAHIRAN HIDUP)#',8,'B06','F63'),
	(633,'T','TT60','TEKNOLOGI SERTA PENDIDIKAN (BINAAN BANGUNAN)#',8,'B06','F63'),
	(634,'T','TT61','TEKNOLOGI SERTA PENDIDIKAN (ELEKTRIK & ELEKTRONIK)#',8,'B06','F63'),
	(635,'U','UA02','SARJANA MUDA KOMUNIKASI DENGAN KEPUJIAN',8,'B14','F147'),
	(636,'U','UA60','SARJANA MUDA TEKNOLOGI MEDIA DENGAN KEPUJIAN',7,'B14','F147'),
	(637,'U','UA67','IJAZAH SARJANA MUDA PENGURUSAN INDUSTRI KREATIF DENGAN KEPUJIAN',7,'B14','F147'),
	(638,'U','UC01','IJAZAH SARJANA MUDA SAINS DENGAN KEPUJIAN (TEKNOLOGI MAKLUMAT)',7,'B05','F147'),
	(639,'U','UC12','IJAZAH SARJANA MUDA SAINS DENGAN KEPUJIAN (MULTIMEDIA)',7,'B05','F147'),
	(640,'U','UE00','SARJANA MUDA SAINS EKONOMI DENGAN KEPUJIAN',8,'B02','F148'),
	(641,'U','UE02','SARJANA MUDA PERAKAUNAN DENGAN KEPUJIAN',8,'B02','F148'),
	(642,'U','UE07','SARJANA MUDA KEWANGAN DENGAN KEPUJIAN',8,'B02','F148'),
	(643,'U','UE17','SARJANA MUDA PERAKAUNAN (SISTEM MAKLUMAT) DENGAN KEPUJIAN',8,'B02','F148'),
	(644,'U','UE23','SARJANA MUDA KEWANGAN DAN PERBANKAN ISLAM DENGAN KEPUJIAN',8,'B02','F148'),
	(645,'U','UG06','IJAZAH SARJANA MUDA SAINS DENGAN KEPUJIAN (STATISTIK INDUSTRI)',8,'B11','F147'),
	(646,'U','UG22','IJAZAH SARJANA MUDA SAINS DENGAN KEPUJIAN (SAINS PEMUTUSAN)',8,'B11','F147'),
	(647,'U','UG33','IJAZAH SARJANA MUDA SAINS DENGAN KEPUJIAN (MATEMATIK PERNIAGAAN)',8,'B11','F147'),
	(648,'U','UL00','SARJANA MUDA UNDANG-UNDANG DENGAN KEPUJIAN',8,'B17','F149'),
	(649,'U','UL05','IJAZAH SARJANA MUDA FALSAFAH, UNDANG-UNDANG DAN PERNIAGAAN DENGAN KEPUJIAN #',8,'B17','F149'),
	(650,'U','UP01','SARJANA MUDA PENGURUSAN AWAM DENGAN KEPUJIAN',7,'B08','F149'),
	(651,'U','UP03','SARJANA MUDA PENTADBIRAN PERNIAGAAN DENGAN KEPUJIAN',8,'B08','F148'),
	(652,'U','UP04','SARJANA MUDA KAUNSELING DENGAN KEPUJIAN #',8,'B08','F147'),
	(653,'U','UP05','SARJANA MUDA SAINS PENGURUSAN PERNIAGAANTANI DENGAN KEPUJIAN',8,'B08','F148'),
	(654,'U','UP08','SARJANA MUDA PENGURUSAN PELANCONGAN DENGAN KEPUJIAN',8,'B08','F149'),
	(655,'U','UP09','SARJANA MUDA PENGURUSAN SUMBER MANUSIA DENGAN KEPUJIAN',8,'B08','F148'),
	(656,'U','UP10','SARJANA MUDA PENGURUSAN PERNIAGAAN ANTARABANGSA DENGAN KEPUJIAN',8,'B08','F149'),
	(657,'U','UP11','SARJANA MUDA PENGURUSAN HAL EHWAL ANTARABANGSA DENGAN KEPUJIAN',7,'B08','F149'),
	(658,'U','UP12','SARJANA MUDA PENGURUSAN KERJA SOSIAL DENGAN KEPUJIAN #',8,'B08','F147'),
	(659,'U','UP15','SARJANA MUDA PERBANKAN DENGAN KEPUJIAN',8,'B08','F148'),
	(660,'U','UP16','SARJANA MUDA PENGURUSAN TEKNOLOGI DENGAN KEPUJIAN',8,'B08','F148'),
	(661,'U','UP17','SARJANA MUDA PENGURUSAN PEMBANGUNAN DENGAN KEPUJIAN',7,'B08','F149'),
	(662,'U','UP21','SARJANA MUDA PENTADBIRAN MUAMALAT DENGAN KEPUJIAN',8,'B08','F148'),
	(663,'U','UP22','SARJANA MUDA PEMASARAN DENGAN KEPUJIAN',8,'B08','F148'),
	(664,'U','UP35','SARJANA MUDA KEUSAHAWANAN DENGAN KEPUJIAN',8,'B08','F148'),
	(665,'U','UP36','SARJANA MUDA PENGURUSAN RISIKO DAN INSURANS DENGAN KEPUJIAN',8,'B08','F148'),
	(666,'U','UP37','SARJANA MUDA PENGURUSAN PERNIAGAAN (LOGISTIK DAN PENGANGKUTAN) DENGAN KEPUJIAN',8,'B08','F148'),
	(667,'U','UP38','SARJANA MUDA PENGURUSAN HOSPITALITI DENGAN KEPUJIAN',8,'B08','F149'),
	(668,'U','UP39','SARJANA MUDA PENGURUSAN OPERASI DENGAN KEPUJIAN',8,'B08','F148'),
	(669,'U','UP54','IJAZAH SARJANA MUDA PENGURUSAN ACARA DENGAN KEPUJIAN',8,'B08','F149'),
	(670,'U','UT04','SARJANA MUDA PENDIDIKAN DENGAN KEPUJIAN (BIMBINGAN DAN KAUNSELING)#',8,'B06','F147'),
	(671,'W','WA02','IJAZAH SARJANA MUDA SAINS SOSIAL (KAJIAN KOMUNIKASI)',6,'B14','F132'),
	(672,'W','WA05','IJAZAH SARJANA MUDA SENI GUNAAN DENGAN KEPUJIAN (MUZIK)',6,'B14','F138'),
	(673,'W','WA06','IJAZAH SARJANA MUDA SENI GUNAAN DENGAN KEPUJIAN (DRAMA DAN TEATER)',6,'B14','F138'),
	(674,'W','WA12','IJAZAH SARJANA MUDA SAINS SOSIAL DENGAN KEPUJIAN (KAJIAN HUBUNGAN INDUSTRI DAN PERBURUHAN)',6,'B14','F132'),
	(675,'W','WA14','IJAZAH SARJANA MUDA SAINS SOSIAL DENGAN KEPUJIAN (ANTROPOLOGI DAN SOSIOLOGI)',6,'B14','F132'),
	(676,'W','WA15','IJAZAH SARJANA MUDA SAINS SOSIAL DENGAN KEPUJIAN (KAJIAN ANTARABANGSA)',6,'B14','F132'),
	(677,'W','WA21','IJAZAH SARJANA MUDA SAINS SOSIAL DENGAN KEPUJIAN (KAJIAN POLITIK DAN PEMERINTAHAN)',6,'B14','F132'),
	(678,'W','WA22','IJAZAH SARJANA MUDA SAINS SOSIAL DENGAN KEPUJIAN (PERANCANGAN DAN PENGURUSAN PEMBANGUNAN)',6,'B14','F132'),
	(679,'W','WA23','IJAZAH SARJANA MUDA SAINS SOSIAL DENGAN KEPUJIAN (KAJIAN KHIDMAT SOSIAL)',6,'B14','F132'),
	(680,'W','WA32','IJAZAH SARJANA MUDA SENI GUNAAN DENGAN KEPUJIAN (SENI HALUS)',6,'B14','F138'),
	(681,'W','WA57','IJAZAH SARJANA MUDA SENI GUNAAN DENGAN KEPUJIAN (TEKNOLOGI SENI REKA)',6,'B14','F138'),
	(682,'W','WA58','IJAZAH SARJANA MUDA SENI GUNAAN DENGAN KEPUJIAN (SINEMATOGRAFI)',6,'B14','F138'),
	(683,'W','WA59','IJAZAH SARJANA MUDA SENI GUNAAN DENGAN KEPUJIAN (PENGURUSAN SENI)',6,'B14','F138'),
	(684,'W','WB03','IJAZAH SARJANA MUDA SASTERA (LINGUISTIK) DENGAN KEPUJIAN',6,'B01','F93'),
	(685,'W','WC00','IJAZAH SARJANA MUDA SAINS KOMPUTER DENGAN KEPUJIAN (SAINS KOMPUTAN)',8,'B05','F128'),
	(686,'W','WC03','IJAZAH SARJANA MUDA SAINS KOMPUTER DENGAN KEPUJIAN (SISTEM MAKLUMAT)',8,'B05','F128'),
	(687,'W','WC09','IJAZAH SARJANA MUDA SAINS KOMPUTER DENGAN KEPUJIAN (PENGKOMPUTERAN MULTIMEDIA)',8,'B05','F128'),
	(688,'W','WC10','IJAZAH SARJANA MUDA SAINS KOMPUTER DENGAN KEPUJIAN (KEJURUTERAAN PERISIAN)',8,'B05','F128'),
	(689,'W','WC11','IJAZAH SARJANA MUDA SAINS KOMPUTER DENGAN KEPUJIAN (PENGKOMPUTERAN RANGKAIAN)',8,'B05','F128'),
	(690,'W','WE01','IJAZAH SARJANA MUDA EKONOMI DENGAN KEPUJIAN (EKONOMI PERKHIDMATAN)',6,'B02','F13'),
	(691,'W','WE02','IJAZAH SARJANA MUDA PERAKAUNAN (KEPUJIAN)',8,'B02','F13'),
	(692,'W','WE03','IJAZAH SARJANA MUDA EKONOMI DENGAN KEPUJIAN (EKONOMI PERNIAGAAN)',6,'B02','F13'),
	(693,'W','WE07','IJAZAH SARJANA MUDA KEWANGAN DENGAN KEPUJIAN',6,'B02','F13'),
	(694,'W','WE09','IJAZAH SARJANA MUDA EKONOMI DENGAN KEPUJIAN (EKONOMI ANTARABANGSA)',6,'B02','F13'),
	(695,'W','WE10','IJAZAH SARJANA MUDA PENGURUSAN PERNIAGAAN DENGAN KEPUJIAN (PEMASARAN)',6,'B02','F13'),
	(696,'W','WE13','IJAZAH SARJANA MUDA PENGURUSAN PERNIAGAAN DENGAN KEPUJIAN (PENGURUSAN KORPORAT)',6,'B02','F13'),
	(697,'W','WK01','IJAZAH SARJANA MUDA KEJURUTERAAN DENGAN KEPUJIAN (KEJURUTERAAN SIVIL)',8,'B04','F43'),
	(698,'W','WK03','IJAZAH SARJANA MUDA KEJURUTERAAN (DENGAN KEPUJIAN) KEJURUTERAAN KIMIA',8,'B04','F43'),
	(699,'W','WK18','IJAZAH SARJANA MUDA KEJURUTERAAN DENGAN KEPUJIAN (KEJURUTERAAN MEKANIKAL DAN PEMBUATAN)',8,'B04','F43'),
	(700,'W','WK19','IJAZAH SARJANA MUDA KEJURUTERAAN (DENGAN KEPUJIAN) KEJURUTERAAN ELEKTRONIK (TELEKOMUNIKASI)',8,'B04','F43'),
	(701,'W','WK20','IJAZAH SARJANA MUDA KEJURUTERAAN (DENGAN KEPUJIAN) KEJURUTERAAN ELEKTRONIK (KOMPUTER)',8,'B04','F43'),
	(702,'W','WK23','IJAZAH SARJANA MUDA KEJURUTERAAN (KEPUJIAN) KEJURUTERAAN ELEKTRIKAL DAN ELEKTRONIK',8,'B04','F43'),
	(703,'W','WM00','DOKTOR PERUBATAN#',10,'B12','F89'),
	(704,'W','WM12','IJAZAH SARJANA MUDA KEJURURAWATAN DENGAN KEPUJIAN',8,'B12','F89'),
	(705,'W','WP02','IJAZAH SARJANA MUDA SAINS DENGAN KEPUJIAN (PEMBANGUNAN SUMBER MANUSIA)',6,'B08','F125'),
	(706,'W','WP04','IJAZAH SARJANA MUDA KAUNSELING DENGAN KEPUJIAN',8,'B08','F125'),
	(707,'W','WS24','IJAZAH SARJANA MUDA SAINS DENGAN KEPUJIAN (SAINS KOGNITIF)',6,'B13','F125'),
	(708,'W','WS47','IJAZAH SARJANA MUDA SAINS DENGAN KEPUJIAN (BIOTEKNOLOGI SUMBER)',6,'B13','F120'),
	(709,'W','WS48','IJAZAH SARJANA MUDA SAINS DENGAN KEPUJIAN (KIMIA SUMBER)',6,'B13','F120'),
	(710,'W','WS49','IJAZAH SARJANA MUDA SAINS DENGAN KEPUJIAN (SAINS DAN PENGURUSAN SUMBER AKUATIK)',6,'B13','F120'),
	(711,'W','WS50','IJAZAH SARJANA MUDA SAINS DENGAN KEPUJIAN (SAINS DAN PENGURUSAN SUMBER TUMBUHAN)',6,'B13','F120'),
	(712,'W','WS51','IJAZAH SARJANA MUDA SAINS DENGAN KEPUJIAN (SAINS DAN PENGURUSAN SUMBER HAIWAN)',6,'B13','F120'),
	(713,'Y','YA02','SARJANA MUDA SAINS KEMANUSIAAN - KOMUNIKASI (KEPUJIAN)',8,'B14','F40'),
	(714,'Y','YA09','SARJANA MUDA SAINS KEMANUSIAAN - SAINS POLITIK (KEPUJIAN)',8,'B14','F40'),
	(715,'Y','YA10','SARJANA MUDA SAINS KEMANUSIAAN - SEJARAH DAN TAMADUN (KEPUJIAN)',8,'B14','F40'),
	(716,'Y','YA14','SARJANA MUDA SAINS KEMANUSIAAN - SOSIOLOGI DAN ANTROPOLOGI(KEPUJIAN)',8,'B14','F40'),
	(717,'Y','YA16','SARJANA MUDA SAINS KEMANUSIAAN - PSIKOLOGI (KEPUJIAN)',8,'B14','F40'),
	(718,'Y','YB00','SARJANA MUDA SAINS KEMANUSIAAN - BAHASA DAN KESUSASTERAAN INGGERIS (KEPUJIAN)',8,'B01','F40'),
	(719,'Y','YB03','SARJANA MUDA SASTERA BAHASA INGGERIS UNTUK KOMUNIKASI ANTARABANGSA (KEPUJIAN)',8,'B01','F05'),
	(720,'Y','YB05','SARJANA MUDA SAINS KEMANUSIAAN - BAHASA DAN KESUSASTERAAN ARAB (KEPUJIAN)',8,'B01','F40'),
	(721,'Y','YB23','SARJANA MUDA SASTERA BAHASA ARAB UNTUK KOMUNIKASI ANTARABANGSA (KEPUJIAN)',8,'B01','F05'),
	(722,'Y','YC00','SARJANA MUDA SAINS KOMPUTER (KEPUJIAN)',8,'B05','F144'),
	(723,'Y','YC01','SARJANA MUDA TEKNOLOGI MAKLUMAT (KEPUJIAN)',8,'B05','F144'),
	(724,'Y','YC22','SARJANA MUDA SAINS MATEMATIK (KEPUJIAN)',8,'B13','F114'),
	(725,'Y','YE00','SARJANA MUDA EKONOMI (KEPUJIAN)',8,'B02','F14'),
	(726,'Y','YE02','SARJANA MUDA PERAKAUNAN (KEPUJIAN)',8,'B02','F14'),
	(727,'Y','YE23','SARJANA MUDA SAINS (KEWANGAN ISLAM)(KEPUJIAN)',8,'B02','F14'),
	(728,'Y','YE26','SARJANA MUDA PENTADBIRAN PERNIAGAAN (KEPUJIAN)',8,'B02','F14'),
	(729,'Y','YG07','SARJANA MUDA BIOTEKNOLOGI (KEPUJIAN)',8,'B11','F114'),
	(730,'Y','YH02','SARJANA MUDA SENI BINA LANDSKAP (KEPUJIAN)#',8,'B15','F136'),
	(731,'Y','YH03','SARJANA MUDA SAINS (PENGAJIAN SENI BINA) (KEPUJIAN)#',6,'B15','F136'),
	(732,'Y','YH04','SARJANA MUDA PERANCANGAN BANDAR DAN WILAYAH (KEPUJIAN)#',8,'B15','F136'),
	(733,'Y','YH06','SARJANA MUDA UKUR BAHAN (KEPUJIAN)#',8,'B15','F136'),
	(734,'Y','YH15','SARJANA MUDA SENI GUNAAN DAN SENI REKA (KEPUJIAN)#',8,'B15','F136'),
	(735,'Y','YI05','SARJANA MUDA ILMU WAHYU DAN WARISAN ISLAM - PENGAJIAN QURAN DAN SUNNAH (KEPUJIAN)',8,'B07','F40'),
	(736,'Y','YI08','SARJANA MUDA ILMU WAHYU DAN WARISAN ISLAM - FIKAH DAN USUL FIKAH(KEPUJIAN)',8,'B07','F40'),
	(737,'Y','YI09','SARJANA MUDA ILMU WAHYU DAN WARISAN ISLAM - USULUDDIN DAN PERBANDINGAN AGAMA (KEPUJIAN)',8,'B07','F40'),
	(738,'Y','YK12','SARJANA MUDA KEJURUTERAAN (BAHAN)(KEPUJIAN)',8,'B04','F43'),
	(739,'Y','YK13','SARJANA MUDA KEJURUTERAAN (PEMBUATAN)(KEPUJIAN)',8,'B04','F43'),
	(740,'Y','YK15','SARJANA MUDA KEJURUTERAAN (AEROANGKASA)(KEPUJIAN)',8,'B04','F43'),
	(741,'Y','YK20','SARJANA MUDA KEJURUTERAAN (ELEKTRONIK - KOMPUTER DAN MAKLUMAT)(KEPUJIAN)',8,'B04','F43'),
	(742,'Y','YK24','SARJANA MUDA KEJURUTERAAN (MEKATRONIK)(KEPUJIAN)',8,'B04','F43'),
	(743,'Y','YK25','SARJANA MUDA KEJURUTERAAN (KOMUNIKASI)(KEPUJIAN)',8,'B04','F43'),
	(744,'Y','YK40','SARJANA MUDA KEJURUTERAAN (MEKANIKAL - AUTOMOTIF)(KEPUJIAN)',8,'B04','F43'),
	(745,'Y','YK48','SARJANA MUDA KEJURUTERAAN (BIOKIMIA - BIOTEKNOLOGI)(KEPUJIAN)',8,'B04','F43'),
	(746,'Y','YL00','SARJANA MUDA UNDANG-UNDANG (KEPUJIAN)#',8,'B17','F145'),
	(747,'Y','YM02','SARJANA MUDA SAINS BIOPERUBATAN (KEPUJIAN)',8,'B13','F114'),
	(748,'Y','YM04','SARJANA MUDA OPTOMETRI (KEPUJIAN)',8,'B12','F124'),
	(749,'Y','YM05','SARJANA MUDA DIETETIK (KEPUJIAN)',8,'B12','F124'),
	(750,'Y','YM07','SARJANA MUDA AUDIOLOGI (KEPUJIAN)',8,'B12','F124'),
	(751,'Y','YM12','SARJANA MUDA KEJURURAWATAN (KEPUJIAN)',8,'B13','F42'),
	(752,'Y','YM13','SARJANA MUDA RADIOGRAFI DAN PENGIMEJAN DIAGNOSTIK (KEPUJIAN)',8,'B12','F124'),
	(753,'Y','YM14','SARJANA MUDA FISIOTERAPI (KEPUJIAN)',8,'B12','F124'),
	(754,'Y','YP08','SARJANA MUDA PERANCANGAN PELANCONGAN DAN PENGURUSAN HOSPITALITI (KEPUJIAN)',8,'B08','F05'),
	(755,'Y','YS15','SARJANA MUDA SAINS (FIZIK) (KEPUJIAN)',8,'B13','F114'),
	(756,'Y','YS59','SARJANA MUDA SAINS (KIMIA GUNAAN) (KEPUJIAN)',8,'B11','F114'),
	(757,'Y','YT06','SARJANA MUDA PENDIDIKAN (PENGAJARAN BAHASA INGGERIS SEBAGAI BAHASA KEDUA)(KEPUJIAN)#',8,'B06','F63'),
	(758,'Y','YT49','SARJANA MUDA PENDIDIKAN (PENGAJARAN BAHASA ARAB SEBAGAI BAHASA KEDUA)(KEPUJIAN)#',8,'B06','F63'),
	(759,'Z','ZB03','IJAZAH SARJANA MUDA SAINS SOSIAL (BAHASA DAN KOMUNIKASI SILANG BUDAYA) #',6,'B01','F92'),
	(760,'Z','ZC20','IJAZAH SARJANA MUDA SAINS KOMPUTER (SISTEM CERDAS) #',6,'B05','F119'),
	(761,'Z','ZC27','IJAZAH SARJANA MUDA SAINS KOMPUTER (KESELAMATAN SISTEM KOMPUTER) #',6,'B05','F119'),
	(762,'Z','ZG37','IJAZAH SARJANA MUDA TEKNOLOGI MARITIM #',6,'B11','F119'),
	(763,'Z','ZK01','IJAZAH SARJANA MUDA KEJURUTERAAN AWAM #',8,'B04','F43'),
	(764,'Z','ZK08','IJAZAH SARJANA MUDA KEJURUTERAAN MEKANIKAL #',8,'B04','F43'),
	(765,'Z','ZK25','IJAZAH SARJANA MUDA KEJURUTERAAN ELEKTRIK & ELEKTRONIK (KOMUNIKASI) #',8,'B04','F43'),
	(766,'Z','ZK50','IJAZAH SARJANA MUDA KEJURUTERAAN ELEKTRIK & ELEKTRONIK (KUASA) #',8,'B04','F43'),
	(767,'Z','ZM00','IJAZAH SARJANA MUDA DOKTOR PERUBATAN #',10,'B12','F88'),
	(768,'Z','ZP44','IJAZAH SARJANA MUDA PENGAJIAN STRATEGI #',6,'B08','F68'),
	(769,'Z','ZP45','IJAZAH SARJANA MUDA PENGURUSAN SUMBER MANUSIA PERTAHANAN #',6,'B08','F68');

/*!40000 ALTER TABLE `kursus` ENABLE KEYS */;
UNLOCK TABLES;


# Dump of table lookup
# ------------------------------------------------------------

DROP TABLE IF EXISTS `lookup`;

CREATE TABLE `lookup` (
  `LOK_ID` varchar(5) DEFAULT NULL,
  `LOK_FBPAGE` varchar(5) DEFAULT NULL,
  `LOK_DESC` varchar(150) DEFAULT NULL,
  `LOK_BIDANG` varchar(4) DEFAULT NULL,
  `LOK_FAKULTI` varchar(5) NOT NULL,
  KEY `LOK_DESC_INDEX` (`LOK_DESC`)
) ENGINE=InnoDB DEFAULT CHARSET=latin1;

LOCK TABLES `lookup` WRITE;
/*!40000 ALTER TABLE `lookup` DISABLE KEYS */;

INSERT INTO `lookup` (`LOK_ID`, `LOK_FBPAGE`, `LOK_DESC`, `LOK_BIDANG`, `LOK_FAKULTI`)
VALUES
	('L001','FB01','App Page','B05',''),
	('L003','FB02','Appliances','B11',''),
	('L004','FB03','Baby Goods/Kids Goods','B02',''),
	('L005','FB03','Baby Goods/Kids Goods','B06',''),
	('L008','FB04','Bags/Luggage','B14',''),
	('L011','FB05','Board Game','B05',''),
	('L012','FB06','Building Materials','B06',''),
	('L013','FB06','Building Materials','B06',''),
	('L014','FB06','Building Materials','B04',''),
	('L015','FB07','Camera/Photo','B14',''),
	('L016','FB08','Cars','B16',''),
	('L017','FB08','Cars','B04',''),
	('L020','FB09','Clothing','B14',''),
	('L021','FB10','Commercial Equipment','B04',''),
	('L022','FB10','Commercial Equipment','B16',''),
	('L025','FB11','Computers','B05',''),
	('L030','FB12','Drugs','B12',''),
	('L031','FB12','Drugs','B13',''),
	('L032','FB12','Drugs','B04',''),
	('L033','FB13','Electronics','B04',''),
	('L034','FB13','Electronics','B05',''),
	('L038','FB14','Food/Beverages','B13',''),
	('L039','FB14','Food/Beverages','B11',''),
	('L040','FB15','Furniture','B16',''),
	('L042','FB16','Games/Toys','B02',''),
	('L043','FB16','Games/Toys','B16',''),
	('L044','FB17','Health/Beauty','','F123'),
	('L045','FB17','Health/Beauty','','F89'),
	('L048','FB18','Home Decor','','F139'),
	('L049','FB18','Home Decor','B15',''),
	('L052','FB19','Household Supplies','B02',''),
	('L053','FB20','Jewelry/Watches','','F35'),
	('L054','FB21','Kitchen/Cooking','','F76'),
	('L055','FB21','Kitchen/Cooking','','F83'),
	('L056','FB22','Office Supplies','B02',''),
	('L057','FB23','Patio/Garden','B15',''),
	('L058','FB23','Patio/Garden','B16',''),
	('L059','FB23','Patio/Garden','B16',''),
	('L060','FB23','Patio/Garden','B15',''),
	('L061','FB23','Patio/Garden','B11',''),
	('L062','FB23','Performance Art','','F62'),
	('L063','FB24','Pet Supplies','','F85'),
	('L064','FB24','Pet Supplies','B02',''),
	('L068','FB25','Phone/Tablet','B05',''),
	('L072','FB26','Product/Service','B02',''),
	('L073','FB27','Software','B05',''),
	('L076','FB27','Song','','F61'),
	('L077','FB28','Spas/Beauty/Personal Care','','F123'),
	('L078','FB28','Theatrical Play','','F61'),
	('L079','FB28','Tools/Equipment','B08',''),
	('L081','FB29','Video Game','B02',''),
	('L082','FB29','Video Game','B05',''),
	('L083','FB30','Vitamins/Supplements','B04',''),
	('L084','FB30','Sports/Recreation/Activities','B12',''),
	('L085','FB30','Vitamins/Supplements','B13',''),
	('L086','FB30','Vitamins/Supplements','B04',''),
	('L087','FB30','Vitamins/Supplements','B13',''),
	('L088','FB31','Website','B05',''),
	('L092','FB32','Wine/Spirits','B13',''),
	('L093','FB32','Wine/Spirits','B08',''),
	('L096','FB33','Aerospace/Defense','','F43'),
	('L097','FB34','Automobiles and Parts','B16',''),
	('L098','FB34','Automobiles and Parts','B04',''),
	('L101','FB36','Biotechnology','B13',''),
	('L102','FB37','Cause','B14',''),
	('L108','FB38','Chemicals','B11',''),
	('L116','FB40','Community','B14',''),
	('L122','FB41','Company','B02',''),
	('L123','FB42','Computers/Technology','B05',''),
	('L127','FB43','Consulting/Business Services','B02',''),
	('L128','FB44','Education','B06',''),
	('L129','FB45','Elementary School','B06',''),
	('L130','FB46','Energy/Utility','B04',''),
	('L131','FB46','Energy/Utility','B16',''),
	('L132','FB47','Engineering/Construction','B04',''),
	('L133','FB48','Farming/Agriculture','B11',''),
	('L134','FB48','Farming/Agriculture','B12',''),
	('L138','FB49','Food/Beverages','B08',''),
	('L140','FB50','Government Organization','','F133'),
	('L141','FB50','Government Organization','','F132'),
	('L142','FB50','Government Organization','','F40'),
	('L145','FB51','Health/Medical/Pharmaceuticals','B12',''),
	('L146','FB51','Health/Medical/Pharmaceuticals','','F37'),
	('L147','FB17','Health/Medical/Pharmaceuticals','','F46'),
	('L149','FB52','Industrials','','F35'),
	('L150','FB52','Industrials','','F139'),
	('L151','FB52','Industrials','','F116'),
	('L152','FB53','Insurance Company','','F72'),
	('L153','FB53','Insurance Company','','F148'),
	('L154','FB55','Internet/Software','B05',''),
	('L158','FB56','Legal/Law','B17',''),
	('L159','FB57','Media/News/Publishing','','F59'),
	('L160','FB57','Media/News/Publishing','','139'),
	('L164','FB58','Middle School','B06',''),
	('L165','FB59','Mining/Materials','','F116'),
	('L166','FB60','Music Video','','F61'),
	('L167','FB60','Music Video','','F62'),
	('L168','FB132','News Personality','','F62'),
	('L169','FB60','Non-Governmental Organization (NGO)','B02',''),
	('L172','FB61','Non-Profit Organization','B02',''),
	('L178','FB62','Organization','B02',''),
	('L184','FB63','Political Organization','B02',''),
	('L185','FB63','Political Organization','B17',''),
	('L190','FB64','Political Party','B02',''),
	('L191','FB64','Political Party','B17',''),
	('L195','FB135','Politician','B02',''),
	('L196','FB65','Preschool','B06',''),
	('L197','FB66','Retail and Consumer Merchandise','B02',''),
	('L198','FB67','School','B06',''),
	('L199','FB68','Small Business','B02',''),
	('L200','FB69','Telecommunication','B05',''),
	('L201','FB69','Telecommunication','B04',''),
	('L202','FB70','Transport/Freight','B02',''),
	('L203','FB70','Transport/Freight','B13',''),
	('L204','FB70','Transport/Freight','B08',''),
	('L205','FB71','Travel/Leisure','B08',''),
	('L206','FB71','Travel/Leisure','B08',''),
	('L207','FB71','Sports/Recreation/Activities','','F134'),
	('L208','FB71','Sports League','','F134'),
	('L209','FB71','Sports League','','F135'),
	('L210','FB72','University','B06',''),
	('L211','FB73','Airport','','F22'),
	('L212','FB73','Airport','','F72'),
	('L214','FB74','Arts/Entertainment/Nightlife','B14',''),
	('L215','FB75','Attractions/Things to Do','B08',''),
	('L220','FB76','Automotive','B16',''),
	('L221','FB76','Automotive','B04',''),
	('L222','FB77','Bank/Financial Services','B02',''),
	('L224','FB78','Bar','B08',''),
	('L225','FB79','Book Store','B14',''),
	('L226','FB80','Business Services','B02',''),
	('L233','FB81','Church/Religious Organization','B07',''),
	('L239','FB82','Club','B14',''),
	('L246','FB84','Concert Tour','B14',''),
	('L247','FB84','Concert Venue','B14',''),
	('L248','FB84','Concert Venue','B08',''),
	('L250','FB85','Designer','B04',''),
	('L251','FB40','Community Organization','','F54'),
	('L252','FB85','Designer','B04',''),
	('L253','FB85','Doctor','B12',''),
	('L256','FB87','Engineering/Construction','B16',''),
	('L257','FB87','Engineering/Construction','B15',''),
	('L258','FB87','Event Planning/Event Services','B14',''),
	('L259','FB88','Food/Grocery','B13',''),
	('L260','FB88','Food/Grocery','B11',''),
	('L263','FB89','Health/Medical/Pharmacy','B12','F37'),
	('L264','FB89','Health/Medical/Pharmacy','B13','F46'),
	('L266','FB90','Home Improvement','B15',''),
	('L267','FB90','Home Improvement','','F27'),
	('L268','FB90','Home Improvement','','45'),
	('L269','FB91','Hospital/Clinic','B12',''),
	('L270','FB91','Hospital/Clinic','','F37'),
	('L271','FB91','Hospital/Clinic','','F46'),
	('L273','FB91','Hospital/Clinic','B09',''),
	('L274','FB92','Hotel','','F76'),
	('L275','FB92','Hotel','','F83'),
	('L279','FB93','Landmark','B15',''),
	('L280','FB94','Lawyer','B17',''),
	('L281','FB95','Library','','F77'),
	('L282','FB96','Local Business','B02',''),
	('L284','FB98','Movie Theater','','F61'),
	('L285','FB98','Movie Theater','','F62'),
	('L286','FB98','Music Chart','','F62'),
	('L287','FB99','Museum/Art Gallery','','F54'),
	('L288','FB99','Museum/Art Gallery','','F139'),
	('L289','FB100','Outdoor Gear/Sporting Goods','','F134'),
	('L290','FB100','Outdoor Gear/Sporting Goods','','F133'),
	('L292','FB101','Pet Services','','F85'),
	('L293','FB102','Professional Services','B02',''),
	('L294','FB103','Public Places','B15',''),
	('L295','FB104','Radio Station','','F61'),
	('L296','FB104','Real Estate','B15',''),
	('L297','FB104','Real Estate','','F45'),
	('L298','FB136','Producer','','F62'),
	('L299','FB105','Restaurant/Cafe','','F76'),
	('L300','FB105','Restaurant/Cafe','','F83'),
	('L301','FB106','Record Label','','F62'),
	('L302','FB107','Shopping/Retail','B02',''),
	('L303','FB108','Spas/Beauty/Personal Care','','F89'),
	('L304','FB109','Sports Venue','','F134'),
	('L305','FB110','Studio','','F62'),
	('L306','FB111','Tours/Sightseeing','',''),
	('L307','FB112','Transportation','',''),
	('L308','FB113','University','',''),
	('L309','FB114','Actor/Director','','F62'),
	('L310','FB115','Artist','B14',''),
	('L311','FB116','Athlete','B12',''),
	('L312','FB117','Author','B14',''),
	('L313','FB118','Blogger','B05',''),
	('L314','FB119','Business Person','B02',''),
	('L315','FB120','Chef','B08',''),
	('L316','FB121','Coach','B12',''),
	('L317','FB122','Comedian','B14',''),
	('L318','FB123','Dancer','B14',''),
	('L319','FB124','Designer','B14',''),
	('L320','FB125','Entertainer','B14',''),
	('L321','FB126','Entrepreneur','B02',''),
	('L322','FB127','Fictional Character','B14',''),
	('L323','FB128','Government Official','','F132'),
	('L324','FB129','Journalist','','F59'),
	('L325','FB130','Movie Character','','F62'),
	('L328','FB133','Pet','','F85'),
	('L329','FB134','Photographer','',''),
	('L330','FB135','Politician','B17',''),
	('L331','FB136','Producer','','F61'),
	('L332','FB137','Public Figure','',''),
	('L333','FB138','Scientist','','F31'),
	('L334','FB139','Teacher','B06',''),
	('L335','FB140','Writer','',''),
	('L336','FB141','Album','B14',''),
	('L337','FB142','Amateur Sports Team','B12',''),
	('L338','FB143','Book','B14',''),
	('L339','FB144','Book Series','B14',''),
	('L341','FB146','Concert Tour','B08',''),
	('L345','FB150','Magazine','','F59'),
	('L346','FB151','Movie','','F62'),
	('L347','FB152','Movie Character','','F61'),
	('L348','FB154','Music Award','','F62'),
	('L349','FB154','Music Award','','F61'),
	('L350','FB98','Music Chart','','F61'),
	('L351','FB132','News Personality','','F61'),
	('L352','FB157','Performance Art','','F61'),
	('L353','FB158','Radio Station','','F62'),
	('L354','FB159','Record Label','','F61'),
	('L355','FB160','School Sports Team','B06',''),
	('L356','FB161','Song','','F62'),
	('L357','FB162','Sports Team','','F134'),
	('L358','FB163','Sports Team','','F135'),
	('L359','FB164','Sports Venue','','F135'),
	('L360','FB165','Studio','','F61'),
	('L361','FB166','Theatrical Play','','F62'),
	('L362','FB167','TV Channel','',''),
	('L363','FB168','TV Network','',''),
	('L364','FB169','TV Show','',''),
	('L365','FB170','TV/Movie Award','',''),
	('L366','FB114','Actor/Director','','F38'),
	('L367','FB114','Actor/Director','','F61'),
	('L368','FB114','Actor/Director','','F54'),
	('L367','FB33','Aerospace/Defense','','F22'),
	('L370','FB371','Government Official','','F133'),
	('L369','FB128','Government Official','','F40'),
	('L371','FB17','Health/Beauty','B09',''),
	('L372','FB17','Health/Medical/Pharmaceuticals','B09',''),
	('L373','FB20','Jewelry/Watches','','F139'),
	('L374','FB20','Jewelry/Watches','','F116'),
	('L375','FB151','Movie','','F61'),
	('L376','FB40','Community Organization','','F91'),
	('L377','FB131','Musician/Band','','F61'),
	('L378','FB131','Musician/Band','','F62');

/*!40000 ALTER TABLE `lookup` ENABLE KEYS */;
UNLOCK TABLES;


# Dump of table profile
# ------------------------------------------------------------

DROP TABLE IF EXISTS `profile`;

CREATE TABLE `profile` (
  `id` int(11) NOT NULL AUTO_INCREMENT,
  `fbname` varchar(100) NOT NULL,
  `fbid` varchar(100) NOT NULL,
  `tendency` longtext,
  `created` timestamp NOT NULL DEFAULT CURRENT_TIMESTAMP,
  PRIMARY KEY (`id`)
) ENGINE=InnoDB DEFAULT CHARSET=utf8;

LOCK TABLES `profile` WRITE;
/*!40000 ALTER TABLE `profile` DISABLE KEYS */;

INSERT INTO `profile` (`id`, `fbname`, `fbid`, `tendency`, `created`)
VALUES
	(1,'Muhammad Hafiz Hasan','10207998127134008','[{\"like_category\":\"Community\",\"weight\":\"11\"},{\"like_category\":\"App Page\",\"weight\":\"10\"},{\"like_category\":\"Product\\/Service\",\"weight\":\"7\"},{\"like_category\":\"Computers\\/Technology\",\"weight\":\"5\"},{\"like_category\":\"Website\",\"weight\":\"4\"},{\"like_category\":\"Food\\/Beverages\",\"weight\":\"4\"},{\"like_category\":\"Government Organization\",\"weight\":\"4\"},{\"like_category\":\"Media\\/News\\/Publishing\",\"weight\":\"4\"},{\"like_category\":\"Local Business\",\"weight\":\"3\"},{\"like_category\":\"Software\",\"weight\":\"3\"},{\"like_category\":\"Clothing\",\"weight\":\"3\"},{\"like_category\":\"Shopping\\/Retail\",\"weight\":\"3\"},{\"like_category\":\"Community Organization\",\"weight\":\"3\"},{\"like_category\":\"Hotel\",\"weight\":\"2\"},{\"like_category\":\"Games\\/Toys\",\"weight\":\"2\"},{\"like_category\":\"Company\",\"weight\":\"2\"},{\"like_category\":\"Non-Governmental Organization (NGO)\",\"weight\":\"2\"},{\"like_category\":\"Public Figure\",\"weight\":\"2\"},{\"like_category\":\"TV Show\",\"weight\":\"1\"},{\"like_category\":\"School\",\"weight\":\"1\"},{\"like_category\":\"Restaurant\\/Cafe\",\"weight\":\"1\"},{\"like_category\":\"Small Business\",\"weight\":\"1\"},{\"like_category\":\"Insurance Company\",\"weight\":\"1\"},{\"like_category\":\"TV Channel\",\"weight\":\"1\"},{\"like_category\":\"Health\\/Beauty\",\"weight\":\"1\"},{\"like_category\":\"Business Services\",\"weight\":\"1\"},{\"like_category\":\"Sports Event\",\"weight\":\"1\"},{\"like_category\":\"Education\",\"weight\":\"1\"},{\"like_category\":\"Comedian\",\"weight\":\"1\"},{\"like_category\":\"Internet\\/Software\",\"weight\":\"1\"},{\"like_category\":\"Teacher\",\"weight\":\"1\"},{\"like_category\":\"Baby Goods\\/Kids Goods\",\"weight\":\"1\"},{\"like_category\":\"Professional Services\",\"weight\":\"1\"},{\"like_category\":\"Book\",\"weight\":\"1\"},{\"like_category\":\"Food\\/Grocery\",\"weight\":\"1\"},{\"like_category\":\"Musician\\/Band\",\"weight\":\"1\"},{\"like_category\":\"Organization\",\"weight\":\"1\"},{\"like_category\":\"Camera\\/Photo\",\"weight\":\"1\"},{\"like_category\":\"Non-Profit Organization\",\"weight\":\"1\"},{\"like_category\":\"Energy\\/Utility\",\"weight\":\"1\"},{\"like_category\":\"News\\/Media Website\",\"weight\":\"1\"},{\"like_category\":\"Publisher\",\"weight\":\"1\"},{\"like_category\":\"University\",\"weight\":\"1\"},{\"like_category\":\"Event Planning\\/Event Services\",\"weight\":\"1\"}]','2015-09-09 19:20:18');

/*!40000 ALTER TABLE `profile` ENABLE KEYS */;
UNLOCK TABLES;


# Dump of table universiti
# ------------------------------------------------------------

DROP TABLE IF EXISTS `universiti`;

CREATE TABLE `universiti` (
  `UNI_ID` varchar(4) DEFAULT NULL,
  `UNI_DESC` varchar(150) DEFAULT NULL,
  `UNI_STATE` varchar(10) DEFAULT NULL
) ENGINE=InnoDB DEFAULT CHARSET=latin1;

LOCK TABLES `universiti` WRITE;
/*!40000 ALTER TABLE `universiti` DISABLE KEYS */;

INSERT INTO `universiti` (`UNI_ID`, `UNI_DESC`, `UNI_STATE`)
VALUES
	('A','UPSI','PER'),
	('B','UTHM','MEL'),
	('B','UTHM','MEL'),
	('C','UTEM','MEL'),
	('D','UNISZA','TER'),
	('E','UITM','SEL'),
	('F','POLITEKNIK','SEL'),
	('G','UMT','TER'),
	('H','UMS','SAB'),
	('J','UMP','PAH'),
	('K','UKM','SEL'),
	('L','UMK','KEL'),
	('M','UM','WKL'),
	('P','UPM','SEL'),
	('Q','USIM','NEG'),
	('R','UNIMAP','PER'),
	('S','USM','PUL'),
	('T','UTM','JOH'),
	('U','UUM','KED'),
	('W','UNIMAS','SAR'),
	('Y','UIAM','SEL'),
	('Z','UPNM','SEL');

/*!40000 ALTER TABLE `universiti` ENABLE KEYS */;
UNLOCK TABLES;



/*!40111 SET SQL_NOTES=@OLD_SQL_NOTES */;
/*!40101 SET SQL_MODE=@OLD_SQL_MODE */;
/*!40014 SET FOREIGN_KEY_CHECKS=@OLD_FOREIGN_KEY_CHECKS */;
/*!40101 SET CHARACTER_SET_CLIENT=@OLD_CHARACTER_SET_CLIENT */;
/*!40101 SET CHARACTER_SET_RESULTS=@OLD_CHARACTER_SET_RESULTS */;
/*!40101 SET COLLATION_CONNECTION=@OLD_COLLATION_CONNECTION */;
